Date,Open,High,Low,Last,Change,Settle,Volume,Previous Day Open Interest
2011-10-03,0.0,0.0,0.0,,,7.489,0.0,0.0
2011-10-04,0.0,0.0,0.0,,,7.43,0.0,0.0
2011-10-05,0.0,0.0,0.0,,,7.403,0.0,0.0
2011-10-06,0.0,0.0,0.0,,,7.348,0.0,0.0
2011-10-07,0.0,0.0,0.0,,,7.31,0.0,0.0
2011-10-10,0.0,0.0,0.0,,,7.299,0.0,0.0
2011-10-11,0.0,0.0,0.0,,,7.269,0.0,0.0
2011-10-12,0.0,0.0,0.0,,,7.258,0.0,0.0
2011-10-13,0.0,0.0,0.0,,,7.285,0.0,0.0
2011-10-14,0.0,0.0,0.0,,,7.347,0.0,0.0
2011-10-18,0.0,0.0,0.0,,,7.311,0.0,0.0
2011-10-20,0.0,0.0,0.0,,,7.313,0.0,0.0
2011-10-21,0.0,0.0,0.0,,,7.315,0.0,0.0
2011-10-24,0.0,0.0,0.0,,,7.312,0.0,0.0
2011-10-25,0.0,0.0,0.0,,,7.348,0.0,0.0
2011-10-26,0.0,0.0,0.0,,,7.39,0.0,0.0
2011-10-27,0.0,0.0,0.0,,,7.395,0.0,0.0
2011-10-28,0.0,0.0,0.0,,,7.503,0.0,0.0
2011-10-31,0.0,0.0,0.0,,,7.503,0.0,0.0
2011-11-01,0.0,0.0,0.0,,,7.433,0.0,0.0
2011-11-02,0.0,0.0,0.0,,,7.392,0.0,0.0
2011-11-03,0.0,0.0,0.0,,,7.47,0.0,0.0
2011-11-04,0.0,0.0,0.0,,,7.46,0.0,0.0
2011-11-07,0.0,0.0,0.0,,,7.438,0.0,0.0
2011-11-08,0.0,0.0,0.0,,,7.396,0.0,0.0
2011-11-09,0.0,0.0,0.0,,,7.373,0.0,0.0
2011-11-10,0.0,0.0,0.0,,,7.323,0.0,0.0
2011-11-11,0.0,0.0,0.0,,,7.253,0.0,0.0
2011-11-14,0.0,0.0,0.0,,,7.231,0.0,0.0
2011-11-15,0.0,0.0,0.0,,,7.241,0.0,0.0
2011-11-16,0.0,0.0,0.0,,,7.216,0.0,0.0
2011-11-17,0.0,0.0,0.0,,,7.168,0.0,0.0
2011-11-18,0.0,0.0,0.0,,,7.127,0.0,0.0
2011-11-21,0.0,0.0,0.0,,,7.137,0.0,0.0
2011-11-22,0.0,0.0,0.0,,,7.116,0.0,0.0
2011-11-23,0.0,0.0,0.0,,,7.088,0.0,0.0
2011-11-25,0.0,0.0,0.0,,,7.127,0.0,0.0
2011-11-28,0.0,0.0,0.0,,,7.093,0.0,0.0
2011-11-29,0.0,0.0,0.0,,,7.199,0.0,0.0
2011-11-30,0.0,0.0,0.0,,,7.184,0.0,0.0
2011-12-01,0.0,0.0,0.0,,,7.169,0.0,0.0
2011-12-02,0.0,0.0,0.0,,,7.17,0.0,0.0
2011-12-05,0.0,0.0,0.0,,,7.17,0.0,0.0
2011-12-06,0.0,0.0,0.0,,,7.139,0.0,0.0
2011-12-07,0.0,0.0,0.0,,,7.228,0.0,0.0
2011-12-08,0.0,0.0,0.0,,,7.198,0.0,0.0
2011-12-09,0.0,0.0,0.0,,,7.181,0.0,0.0
2011-12-12,0.0,0.0,0.0,,,7.143,0.0,0.0
2011-12-13,0.0,0.0,0.0,,,7.062,0.0,0.0
2011-12-14,0.0,0.0,0.0,,,7.008,0.0,0.0
2011-12-15,0.0,0.0,0.0,,,6.97,0.0,0.0
2011-12-16,0.0,0.0,0.0,,,7.0,0.0,0.0
2011-12-19,0.0,0.0,0.0,,,6.997,0.0,0.0
2011-12-20,0.0,0.0,0.0,,,6.997,0.0,0.0
2011-12-21,0.0,0.0,0.0,,,6.954,0.0,0.0
2011-12-22,0.0,0.0,0.0,,,6.969,0.0,0.0
2011-12-23,0.0,0.0,0.0,,,6.954,0.0,0.0
2011-12-27,0.0,0.0,0.0,,,6.954,0.0,0.0
2011-12-28,0.0,0.0,0.0,,,6.944,0.0,0.0
2011-12-29,0.0,0.0,0.0,,,6.944,0.0,0.0
2011-12-30,0.0,0.0,0.0,,,6.944,0.0,0.0
2012-01-03,0.0,0.0,0.0,,,6.943,0.0,0.0
2012-01-04,0.0,0.0,0.0,,,6.948,0.0,0.0
2012-01-05,0.0,0.0,0.0,,,6.979,0.0,0.0
2012-01-06,0.0,0.0,0.0,,,7.019,0.0,0.0
2012-01-09,0.0,0.0,0.0,,,7.0,0.0,0.0
2012-01-10,0.0,0.0,0.0,,,6.962,0.0,0.0
2012-01-11,0.0,0.0,0.0,,,7.022,0.0,0.0
2012-01-12,0.0,0.0,0.0,,,6.999,0.0,0.0
2012-01-13,0.0,0.0,0.0,,,6.999,0.0,0.0
2012-01-17,0.0,0.0,0.0,,,6.978,0.0,0.0
2012-01-18,0.0,0.0,0.0,,,6.889,0.0,0.0
2012-01-19,0.0,0.0,0.0,,,6.916,0.0,0.0
2012-01-20,0.0,0.0,0.0,,,6.757,0.0,0.0
2012-01-23,0.0,0.0,0.0,,,6.757,0.0,0.0
2012-01-24,0.0,0.0,0.0,,,6.793,0.0,0.0
2012-01-25,0.0,0.0,0.0,,,6.803,0.0,0.0
2012-01-26,0.0,0.0,0.0,,,6.745,0.0,0.0
2012-01-27,0.0,0.0,0.0,,,6.774,0.0,0.0
2012-01-30,0.0,0.0,0.0,,,6.749,0.0,0.0
2012-01-31,0.0,0.0,0.0,,,6.704,0.0,0.0
2012-02-01,0.0,0.0,0.0,,,6.684,0.0,0.0
2012-02-02,0.0,0.0,0.0,,,6.737,0.0,0.0
2012-02-03,0.0,0.0,0.0,,,6.785,0.0,0.0
2012-02-06,0.0,0.0,0.0,,,6.814,0.0,0.0
2012-02-07,0.0,0.0,0.0,,,6.722,0.0,0.0
2012-02-08,0.0,0.0,0.0,,,6.662,0.0,0.0
2012-02-09,0.0,0.0,0.0,,,6.527,0.0,0.0
2012-02-10,0.0,0.0,0.0,,,6.493,0.0,0.0
2012-02-13,0.0,0.0,0.0,,,6.493,0.0,0.0
2012-02-14,0.0,0.0,0.0,,,6.507,0.0,0.0
2012-02-15,0.0,0.0,0.0,,,6.507,0.0,0.0
2012-02-16,0.0,0.0,0.0,,,6.475,0.0,0.0
2012-02-17,0.0,0.0,0.0,,,6.495,0.0,0.0
2012-02-21,0.0,0.0,0.0,,,6.464,0.0,0.0
2012-02-22,0.0,0.0,0.0,,,6.526,0.0,0.0
2012-02-23,0.0,0.0,0.0,,,6.526,0.0,0.0
2012-02-24,0.0,0.0,0.0,,,6.489,0.0,0.0
2012-02-27,0.0,0.0,0.0,,,6.46,0.0,0.0
2012-02-28,0.0,0.0,0.0,,,6.458,0.0,0.0
2012-02-29,0.0,0.0,0.0,,,6.468,0.0,0.0
2012-03-01,0.0,0.0,0.0,,,6.423,0.0,0.0
2012-03-02,0.0,0.0,0.0,,,6.462,0.0,0.0
2012-03-05,0.0,0.0,0.0,,,6.389,0.0,0.0
2012-03-06,0.0,0.0,0.0,,,6.317,0.0,0.0
2012-03-07,0.0,0.0,0.0,,,6.272,0.0,0.0
2012-03-08,0.0,0.0,0.0,,,6.273,0.0,0.0
2012-03-09,0.0,0.0,0.0,,,6.374,0.0,0.0
2012-03-13,0.0,0.0,0.0,,,6.402,0.0,0.0
2012-03-14,0.0,0.0,0.0,,,6.449,0.0,0.0
2012-03-15,0.0,0.0,0.0,,,6.449,0.0,0.0
2012-03-16,0.0,0.0,0.0,,,6.43,0.0,0.0
2012-03-19,0.0,0.0,0.0,,,6.435,0.0,0.0
2012-03-20,0.0,0.0,0.0,,,6.404,0.0,0.0
2012-03-21,0.0,0.0,0.0,,,6.394,0.0,0.0
2012-03-22,0.0,0.0,0.0,,,6.381,0.0,0.0
2012-03-23,0.0,0.0,0.0,,,6.401,0.0,0.0
2012-03-26,0.0,0.0,0.0,,,6.413,0.0,0.0
2012-03-27,0.0,0.0,0.0,,,6.392,0.0,0.0
2012-03-28,0.0,0.0,0.0,,,6.404,0.0,0.0
2012-03-29,0.0,0.0,0.0,,,6.381,0.0,0.0
2012-03-30,0.0,0.0,0.0,,,6.449,0.0,0.0
2012-04-02,0.0,0.0,0.0,,,6.433,0.0,0.0
2012-04-03,0.0,0.0,0.0,,,6.433,0.0,0.0
2012-04-04,0.0,0.0,0.0,,,6.433,0.0,0.0
2012-04-05,0.0,0.0,0.0,,,6.403,0.0,0.0
2012-04-09,0.0,0.0,0.0,,,6.423,0.0,0.0
2012-04-10,0.0,0.0,0.0,,,6.402,0.0,0.0
2012-04-11,0.0,0.0,0.0,,,6.366,0.0,0.0
2012-04-12,0.0,0.0,0.0,,,6.279,0.0,0.0
2012-04-13,0.0,0.0,0.0,,,6.267,0.0,0.0
2012-04-16,0.0,0.0,0.0,,,6.237,0.0,0.0
2012-04-17,0.0,0.0,0.0,,,6.176,0.0,0.0
2012-04-18,0.0,0.0,0.0,,,6.154,0.0,0.0
2012-04-19,0.0,0.0,0.0,,,6.124,0.0,0.0
2012-04-20,0.0,0.0,0.0,,,6.061,0.0,0.0
2012-04-23,0.0,0.0,0.0,,,6.02,0.0,0.0
2012-04-24,0.0,0.0,0.0,,,6.054,0.0,0.0
2012-04-25,0.0,0.0,0.0,,,5.953,0.0,0.0
2012-04-26,0.0,0.0,0.0,,,5.977,0.0,0.0
2012-04-27,0.0,0.0,0.0,,,5.972,0.0,0.0
2012-04-30,0.0,0.0,0.0,,,6.012,0.0,0.0
2012-05-01,0.0,0.0,0.0,,,6.014,0.0,0.0
2012-05-02,0.0,0.0,0.0,,,6.017,0.0,0.0
2012-05-03,0.0,0.0,0.0,,,6.022,0.0,0.0
2012-05-04,0.0,0.0,0.0,,,6.014,0.0,0.0
2012-05-07,0.0,0.0,0.0,,,6.024,0.0,0.0
2012-05-08,0.0,0.0,0.0,,,6.017,0.0,0.0
2012-05-09,0.0,0.0,0.0,,,6.046,0.0,0.0
2012-05-10,0.0,0.0,0.0,,,6.031,0.0,0.0
2012-05-11,0.0,0.0,0.0,,,6.011,0.0,0.0
2012-05-14,0.0,0.0,0.0,,,6.019,0.0,0.0
2012-05-15,0.0,0.0,0.0,,,6.051,0.0,0.0
2012-05-16,0.0,0.0,0.0,,,6.079,0.0,0.0
2012-05-17,0.0,0.0,0.0,,,6.068,0.0,0.0
2012-05-18,0.0,0.0,0.0,,,6.107,0.0,0.0
2012-05-21,0.0,0.0,0.0,,,6.047,0.0,0.0
2012-05-22,0.0,0.0,0.0,,,6.088,0.0,0.0
2012-05-23,0.0,0.0,0.0,,,6.072,0.0,0.0
2012-05-24,0.0,0.0,0.0,,,6.081,0.0,0.0
2012-05-25,0.0,0.0,0.0,,,6.126,0.0,0.0
2012-05-29,0.0,0.0,0.0,,,6.097,0.0,0.0
2012-05-30,0.0,0.0,0.0,,,6.055,0.0,0.0
2012-05-31,0.0,0.0,0.0,,,6.13,0.0,0.0
2012-06-01,0.0,0.0,0.0,,,6.095,0.0,0.0
2012-06-04,0.0,0.0,0.0,,,6.097,0.0,0.0
2012-06-05,0.0,0.0,0.0,,,6.039,0.0,0.0
2012-06-06,0.0,0.0,0.0,,,6.034,0.0,0.0
2012-06-07,0.0,0.0,0.0,,,6.013,0.0,0.0
2012-06-08,0.0,0.0,0.0,,,6.034,0.0,0.0
2012-06-11,0.0,0.0,0.0,,,5.997,0.0,0.0
2012-06-12,0.0,0.0,0.0,,,5.997,0.0,0.0
2012-06-13,0.0,0.0,0.0,,,5.971,0.0,0.0
2012-06-14,0.0,0.0,0.0,,,5.996,0.0,0.0
2012-06-15,0.0,0.0,0.0,,,5.873,0.0,0.0
2012-06-18,0.0,0.0,0.0,,,5.819,0.0,0.0
2012-06-19,0.0,0.0,0.0,,,5.859,0.0,0.0
2012-06-20,0.0,0.0,0.0,,,5.859,0.0,0.0
2012-06-21,0.0,0.0,0.0,,,5.834,0.0,0.0
2012-06-22,0.0,0.0,0.0,,,5.806,0.0,0.0
2012-06-25,0.0,0.0,0.0,,,5.833,0.0,0.0
2012-06-26,0.0,0.0,0.0,,,5.878,0.0,0.0
2012-06-27,0.0,0.0,0.0,,,5.896,0.0,0.0
2012-06-28,0.0,0.0,0.0,,,5.894,0.0,0.0
2012-06-29,0.0,0.0,0.0,,,5.882,0.0,0.0
2012-07-02,0.0,0.0,0.0,,,5.893,0.0,0.0
2012-07-03,0.0,0.0,0.0,,,5.934,0.0,0.0
2012-07-05,0.0,0.0,0.0,,,5.937,0.0,0.0
2012-07-06,0.0,0.0,0.0,,,5.889,0.0,0.0
2012-07-09,0.0,0.0,0.0,,,5.938,0.0,0.0
2012-07-10,0.0,0.0,0.0,,,5.931,0.0,0.0
2012-07-11,0.0,0.0,0.0,,,5.978,0.0,0.0
2012-07-12,0.0,0.0,0.0,,,5.967,0.0,0.0
2012-07-13,0.0,0.0,0.0,,,5.97,0.0,0.0
2012-07-16,0.0,0.0,0.0,,,5.921,0.0,0.0
2012-07-17,0.0,0.0,0.0,,,6.129,0.0,0.0
2012-07-18,0.0,0.0,0.0,,,6.228,0.0,0.0
2012-07-19,0.0,0.0,0.0,,,6.187,0.0,0.0
2012-07-20,0.0,0.0,0.0,,,6.209,0.0,0.0
2012-07-23,0.0,0.0,0.0,,,6.218,0.0,0.0
2012-07-24,0.0,0.0,0.0,,,6.255,0.0,0.0
2012-07-25,0.0,0.0,0.0,,,6.262,0.0,0.0
2012-07-26,0.0,0.0,0.0,,,6.305,0.0,0.0
2012-07-27,0.0,0.0,0.0,,,6.307,0.0,0.0
2012-07-30,0.0,0.0,0.0,,,6.375,0.0,0.0
2012-07-31,0.0,0.0,0.0,,,6.335,0.0,0.0
2012-08-01,0.0,0.0,0.0,,,6.3,0.0,0.0
2012-08-02,0.0,0.0,0.0,,,6.18,0.0,0.0
2012-08-03,0.0,0.0,0.0,,,6.152,0.0,0.0
2012-08-06,0.0,0.0,0.0,,,6.466,0.0,0.0
2012-08-07,0.0,0.0,0.0,,,6.37,0.0,0.0
2012-08-08,0.0,0.0,0.0,,,6.642,0.0,0.0
2012-08-09,0.0,0.0,0.0,,,6.542,0.0,0.0
2012-08-10,0.0,0.0,0.0,,,6.479,0.0,0.0
2012-08-13,0.0,0.0,0.0,,,6.452,0.0,0.0
2012-08-14,0.0,0.0,0.0,,,6.494,0.0,0.0
2012-08-15,0.0,0.0,0.0,,,6.587,0.0,0.0
2012-08-16,0.0,0.0,0.0,,,6.56,0.0,0.0
2012-08-17,0.0,0.0,0.0,,,6.558,0.0,0.0
2012-08-20,0.0,0.0,0.0,,,6.597,0.0,0.0
2012-08-21,0.0,0.0,0.0,,,6.6,0.0,0.0
2012-08-22,0.0,0.0,0.0,,,6.591,0.0,0.0
2012-08-23,0.0,0.0,0.0,,,6.574,0.0,0.0
2012-08-24,0.0,0.0,0.0,,,6.55,0.0,0.0
2012-08-27,0.0,0.0,0.0,,,6.525,0.0,0.0
2012-08-28,0.0,0.0,0.0,,,6.47,0.0,0.0
2012-08-29,0.0,0.0,0.0,,,6.491,0.0,0.0
2012-08-30,0.0,0.0,0.0,,,6.498,0.0,0.0
2012-08-31,0.0,0.0,0.0,,,6.528,0.0,0.0
2012-09-04,0.0,0.0,0.0,,,6.53,0.0,0.0
2012-09-05,0.0,0.0,0.0,,,6.52,0.0,0.0
2012-09-06,0.0,0.0,0.0,,,6.516,0.0,0.0
2012-09-07,0.0,0.0,0.0,,,6.466,0.0,0.0
2012-09-10,0.0,0.0,0.0,,,6.427,0.0,0.0
2012-09-11,0.0,0.0,0.0,,,6.467,0.0,0.0
2012-09-12,0.0,0.0,0.0,,,6.542,0.0,0.0
2012-09-13,0.0,0.0,0.0,,,6.557,0.0,0.0
2012-09-14,0.0,0.0,0.0,,,6.547,0.0,0.0
2012-09-17,0.0,0.0,0.0,,,6.528,0.0,0.0
2012-09-18,0.0,0.0,0.0,,,6.635,0.0,0.0
2012-09-19,0.0,0.0,0.0,,,6.635,0.0,0.0
2012-09-20,0.0,0.0,0.0,,,6.639,0.0,0.0
2012-09-21,0.0,0.0,0.0,,,6.698,0.0,0.0
2012-09-24,0.0,0.0,0.0,,,6.682,0.0,0.0
2012-09-25,0.0,0.0,0.0,,,6.699,0.0,0.0
2012-09-26,0.0,0.0,0.0,,,6.665,0.0,0.0
2012-09-27,0.0,0.0,0.0,,,6.689,0.0,0.0
2012-09-28,0.0,0.0,0.0,,,6.701,0.0,0.0
2012-10-01,0.0,0.0,0.0,,,6.722,0.0,0.0
2012-10-02,0.0,0.0,0.0,,,6.678,0.0,0.0
2012-10-03,0.0,0.0,0.0,,,6.656,0.0,0.0
2012-10-04,0.0,0.0,0.0,,,6.636,0.0,0.0
2012-10-05,0.0,0.0,0.0,,,6.686,0.0,0.0
2012-10-09,0.0,0.0,0.0,,,6.731,0.0,0.0
2012-10-10,0.0,0.0,0.0,,,6.707,0.0,0.0
2012-10-11,0.0,0.0,0.0,,,6.735,0.0,0.0
2012-10-12,0.0,0.0,0.0,,,6.696,0.0,0.0
2012-10-15,0.0,0.0,0.0,,,6.662,0.0,0.0
2012-10-16,0.0,0.0,0.0,,,6.668,0.0,0.0
2012-10-17,0.0,0.0,0.0,,,6.716,0.0,0.0
2012-10-18,0.0,0.0,0.0,,,6.655,0.0,0.0
2012-10-19,0.0,0.0,0.0,,,6.653,0.0,0.0
2012-10-22,0.0,0.0,0.0,,,6.659,0.0,0.0
2012-10-23,0.0,0.0,0.0,,,6.697,0.0,0.0
2012-10-24,0.0,0.0,0.0,,,6.672,0.0,0.0
2012-10-25,0.0,0.0,0.0,,,6.702,0.0,0.0
2012-10-26,0.0,0.0,0.0,,,6.711,0.0,0.0
2012-10-29,0.0,0.0,0.0,,,6.78,0.0,0.0
2012-10-30,0.0,0.0,0.0,,,6.711,0.0,0.0
2012-10-31,0.0,0.0,0.0,,,6.714,0.0,0.0
2012-11-01,0.0,0.0,0.0,,,6.721,0.0,0.0
2012-11-02,0.0,0.0,0.0,,,6.62,0.0,0.0
2012-11-05,0.0,0.0,0.0,,,6.577,0.0,0.0
2012-11-06,0.0,0.0,0.0,,,6.621,0.0,0.0
2012-11-07,0.0,0.0,0.0,,,6.597,0.0,0.0
2012-11-08,0.0,0.0,0.0,,,6.64,0.0,0.0
2012-11-09,0.0,0.0,0.0,,,6.579,0.0,0.0
2012-11-12,0.0,0.0,0.0,,,6.629,0.0,0.0
2012-11-13,0.0,0.0,0.0,,,6.668,0.0,0.0
2012-11-14,0.0,0.0,0.0,,,6.635,0.0,0.0
2012-11-15,0.0,0.0,0.0,,,6.556,0.0,0.0
2012-11-16,0.0,0.0,0.0,,,6.554,0.0,0.0
2012-11-19,0.0,0.0,0.0,,,6.519,0.0,0.0
2012-11-20,0.0,0.0,0.0,,,6.56,0.0,0.0
2012-11-21,0.0,0.0,0.0,,,6.529,0.0,0.0
2012-11-23,0.0,0.0,0.0,,,6.516,0.0,0.0
2012-11-26,0.0,0.0,0.0,,,6.475,0.0,0.0
2012-11-27,0.0,0.0,0.0,,,6.51,0.0,0.0
2012-11-28,0.0,0.0,0.0,,,6.502,0.0,0.0
2012-11-29,0.0,0.0,0.0,,,6.426,0.0,0.0
2012-11-30,0.0,0.0,0.0,,,6.407,0.0,0.0
2012-12-03,0.0,0.0,0.0,,,6.441,0.0,0.0
2012-12-04,0.0,0.0,0.0,,,6.416,0.0,0.0
2012-12-05,0.0,0.0,0.0,,,6.446,0.0,0.0
2012-12-06,0.0,0.0,0.0,,,6.438,0.0,0.0
2012-12-07,0.0,0.0,0.0,,,6.415,0.0,0.0
2012-12-10,0.0,0.0,0.0,,,6.437,0.0,0.0
2012-12-11,0.0,0.0,0.0,,,6.41,0.0,0.0
2012-12-12,0.0,0.0,0.0,,,6.404,0.0,0.0
2012-12-13,0.0,0.0,0.0,,,6.411,0.0,0.0
2012-12-14,0.0,0.0,0.0,,,6.407,0.0,0.0
2012-12-17,0.0,0.0,0.0,,,6.462,0.0,0.0
2012-12-18,0.0,0.0,0.0,,,6.599,0.0,0.0
2012-12-19,0.0,0.0,0.0,,,6.569,0.0,0.0
2012-12-20,0.0,0.0,0.0,,,6.635,0.0,0.0
2012-12-21,0.0,0.0,0.0,,,6.617,0.0,0.0
2012-12-24,0.0,0.0,0.0,,,6.58,0.0,0.0
2012-12-26,0.0,0.0,0.0,,,6.6,0.0,0.0
2012-12-27,0.0,0.0,0.0,,,6.583,0.0,0.0
2012-12-28,0.0,0.0,0.0,,,6.578,0.0,0.0
2012-12-31,0.0,0.0,0.0,,,6.537,0.0,0.0
2013-01-02,0.0,0.0,0.0,,,6.501,0.0,0.0
2013-01-03,0.0,0.0,0.0,,,6.496,0.0,0.0
2013-01-04,0.0,0.0,0.0,,,6.554,0.0,0.0
2013-01-07,0.0,0.0,0.0,,,6.535,0.0,0.0
2013-01-08,0.0,0.0,0.0,,,6.513,0.0,0.0
2013-01-09,0.0,0.0,0.0,,,6.493,0.0,0.0
2013-01-10,0.0,0.0,0.0,,,6.505,0.0,0.0
2013-01-11,0.0,0.0,0.0,,,6.466,0.0,0.0
2013-01-14,0.0,0.0,0.0,,,6.453,0.0,0.0
2013-01-15,0.0,0.0,0.0,,,6.463,0.0,0.0
2013-01-16,0.0,0.0,0.0,,,6.463,0.0,0.0
2013-01-17,0.0,0.0,0.0,,,6.452,0.0,0.0
2013-01-18,0.0,0.0,0.0,,,6.483,0.0,0.0
2013-01-22,0.0,0.0,0.0,,,6.477,0.0,0.0
2013-01-23,0.0,0.0,0.0,,,6.512,0.0,0.0
2013-01-24,0.0,0.0,0.0,,,6.483,0.0,0.0
2013-01-25,0.0,0.0,0.0,,,6.503,0.0,0.0
2013-01-28,0.0,0.0,0.0,,,6.443,0.0,0.0
2013-01-29,0.0,0.0,0.0,,,6.414,0.0,0.0
2013-01-30,0.0,0.0,0.0,,,6.438,0.0,0.0
2013-01-31,0.0,0.0,0.0,,,6.429,0.0,0.0
2013-02-01,0.0,0.0,0.0,,,6.386,0.0,0.0
2013-02-04,0.0,0.0,0.0,,,6.406,0.0,0.0
2013-02-05,0.0,0.0,0.0,,,6.408,0.0,0.0
2013-02-06,0.0,0.0,0.0,,,6.403,0.0,0.0
2013-02-07,0.0,0.0,0.0,,,6.379,0.0,0.0
2013-02-08,0.0,0.0,0.0,,,6.424,0.0,0.0
2013-02-11,0.0,0.0,0.0,,,6.434,0.0,0.0
2013-02-12,0.0,0.0,0.0,,,6.451,0.0,0.0
2013-02-13,0.0,0.0,0.0,,,6.48,0.0,0.0
2013-02-14,0.0,0.0,0.0,,,6.456,0.0,0.0
2013-02-15,0.0,0.0,0.0,,,6.437,0.0,0.0
2013-02-19,0.0,0.0,0.0,,,6.478,0.0,0.0
2013-02-20,0.0,0.0,0.0,,,6.456,0.0,0.0
2013-02-21,0.0,0.0,0.0,,,6.429,0.0,0.0
2013-02-22,0.0,0.0,0.0,,,6.426,0.0,0.0
2013-02-25,0.0,0.0,0.0,,,6.427,0.0,0.0
2013-02-26,0.0,0.0,0.0,,,6.431,0.0,0.0
2013-02-27,0.0,0.0,0.0,,,6.424,0.0,0.0
2013-02-28,0.0,0.0,0.0,,,6.445,0.0,0.0
2013-03-01,0.0,0.0,0.0,,,6.466,0.0,0.0
2013-03-04,0.0,0.0,0.0,,,6.507,0.0,0.0
2013-03-05,0.0,0.0,0.0,,,6.495,0.0,0.0
2013-03-06,0.0,0.0,0.0,,,6.465,0.0,0.0
2013-03-07,0.0,0.0,0.0,,,6.499,0.0,0.0
2013-03-08,0.0,0.0,0.0,,,6.495,0.0,0.0
2013-03-11,0.0,0.0,0.0,,,6.488,0.0,0.0
2013-03-12,0.0,0.0,0.0,,,6.458,0.0,0.0
2013-03-13,0.0,0.0,0.0,,,6.469,0.0,0.0
2013-03-14,0.0,0.0,0.0,,,6.461,0.0,0.0
2013-03-15,0.0,0.0,0.0,,,6.464,0.0,0.0
2013-03-18,0.0,0.0,0.0,,,6.449,0.0,0.0
2013-03-19,0.0,0.0,0.0,,,6.474,0.0,0.0
2013-03-20,0.0,0.0,0.0,,,6.468,0.0,0.0
2013-03-21,0.0,0.0,0.0,,,6.405,0.0,0.0
2013-03-22,0.0,0.0,0.0,,,6.397,0.0,0.0
2013-03-25,0.0,0.0,0.0,,,6.363,0.0,0.0
2013-03-26,0.0,0.0,0.0,,,6.375,0.0,0.0
2013-03-27,0.0,0.0,0.0,,,6.31,0.0,0.0
2013-03-28,0.0,0.0,0.0,,,6.227,0.0,0.0
2013-04-01,0.0,0.0,0.0,,,6.216,0.0,0.0
2013-04-02,0.0,0.0,0.0,,,6.16,0.0,0.0
2013-04-03,0.0,0.0,0.0,,,6.232,0.0,0.0
2013-04-04,0.0,0.0,0.0,,,6.244,0.0,0.0
2013-04-05,0.0,0.0,0.0,,,6.221,0.0,0.0
2013-04-08,0.0,0.0,0.0,,,6.132,0.0,0.0
2013-04-09,0.0,0.0,0.0,,,5.962,0.0,0.0
2013-04-10,0.0,0.0,0.0,,,5.906,0.0,0.0
2013-04-11,0.0,0.0,0.0,,,5.985,0.0,0.0
2013-04-12,0.0,0.0,0.0,,,6.139,0.0,0.0
2013-04-15,0.0,0.0,0.0,,,6.15,0.0,0.0
2013-04-16,0.0,0.0,0.0,,,6.231,0.0,0.0
2013-04-17,0.0,0.0,0.0,,,6.235,0.0,0.0
2013-04-18,0.0,0.0,0.0,,,6.225,0.0,0.0
2013-04-19,0.0,0.0,0.0,,,6.224,0.0,0.0
2013-04-22,0.0,0.0,0.0,,,6.217,0.0,0.0
2013-04-23,0.0,0.0,0.0,,,6.205,0.0,0.0
2013-04-24,0.0,0.0,0.0,,,6.07,0.0,0.0
2013-04-25,0.0,0.0,0.0,,,6.087,0.0,0.0
2013-04-26,0.0,0.0,0.0,,,6.089,0.0,0.0
2013-04-29,0.0,0.0,0.0,,,6.102,0.0,0.0
2013-04-30,0.0,0.0,0.0,,,6.103,0.0,0.0
2013-05-01,0.0,0.0,0.0,,,6.088,0.0,0.0
2013-05-02,0.0,0.0,0.0,,,6.096,0.0,0.0
2013-05-03,0.0,0.0,0.0,,,6.159,0.0,0.0
2013-05-06,0.0,0.0,0.0,,,6.21,0.0,0.0
2013-05-07,0.0,0.0,0.0,,,6.209,0.0,0.0
2013-05-08,0.0,0.0,0.0,,,6.193,0.0,0.0
2013-05-09,0.0,0.0,0.0,,,6.155,0.0,0.0
2013-05-10,0.0,0.0,0.0,,,6.117,0.0,0.0
2013-05-13,0.0,0.0,0.0,,,6.127,0.0,0.0
2013-05-14,0.0,0.0,0.0,,,6.158,0.0,0.0
2013-05-15,0.0,0.0,0.0,,,6.14,0.0,0.0
2013-05-16,0.0,0.0,0.0,,,6.137,0.0,0.0
2013-05-17,0.0,0.0,0.0,,,6.297,0.0,0.0
2013-05-20,0.0,0.0,0.0,,,6.479,0.0,0.0
2013-05-21,0.0,0.0,0.0,,,6.551,0.0,0.0
2013-05-22,0.0,0.0,0.0,,,6.678,0.0,0.0
2013-05-23,0.0,0.0,0.0,,,6.646,0.0,0.0
2013-05-24,0.0,0.0,0.0,,,6.637,0.0,0.0
2013-05-28,0.0,0.0,0.0,,,6.626,0.0,0.0
2013-05-29,0.0,0.0,0.0,,,6.617,0.0,0.0
2013-05-30,0.0,0.0,0.0,,,6.577,0.0,0.0
2013-05-31,0.0,0.0,0.0,,,6.619,0.0,0.0
2013-06-03,0.0,0.0,0.0,,,6.634,0.0,0.0
2013-06-04,0.0,0.0,0.0,,,6.616,0.0,0.0
2013-06-05,0.0,0.0,0.0,,,6.588,0.0,0.0
2013-06-06,0.0,0.0,0.0,,,6.533,0.0,0.0
2013-06-07,0.0,0.0,0.0,,,6.559,0.0,0.0
2013-06-10,0.0,0.0,0.0,,,6.543,0.0,0.0
2013-06-11,0.0,0.0,0.0,,,6.468,0.0,0.0
2013-06-12,0.0,0.0,0.0,,,6.427,0.0,0.0
2013-06-13,0.0,0.0,0.0,,,6.431,0.0,0.0
2013-06-14,0.0,0.0,0.0,,,6.417,0.0,0.0
2013-06-17,0.0,0.0,0.0,,,6.453,0.0,0.0
2013-06-18,0.0,0.0,0.0,,,6.51,0.0,0.0
2013-06-19,0.0,0.0,0.0,,,6.477,0.0,0.0
2013-06-20,0.0,0.0,0.0,,,6.458,0.0,0.0
2013-06-21,0.0,0.0,0.0,,,6.544,0.0,0.0
2013-06-24,0.0,0.0,0.0,,,6.673,0.0,0.0
2013-06-25,0.0,0.0,0.0,,,6.745,0.0,0.0
2013-06-26,0.0,0.0,0.0,,,6.792,0.0,0.0
2013-06-27,0.0,0.0,0.0,,,6.731,0.0,0.0
2013-06-28,0.0,0.0,0.0,,,6.763,0.0,0.0
2013-07-01,0.0,0.0,0.0,,,6.698,0.0,0.0
2013-07-02,0.0,0.0,0.0,,,6.733,0.0,0.0
2013-07-03,0.0,0.0,0.0,,,6.755,0.0,0.0
2013-07-05,0.0,0.0,0.0,,,6.714,0.0,0.0
2013-07-08,0.0,0.0,0.0,,,6.761,0.0,0.0
2013-07-09,0.0,0.0,0.0,,,6.68,0.0,0.0
2013-07-10,0.0,0.0,0.0,,,6.666,0.0,0.0
2013-07-11,0.0,0.0,0.0,,,6.665,0.0,0.0
2013-07-12,0.0,0.0,0.0,,,6.665,0.0,0.0
2013-07-15,0.0,0.0,0.0,,,6.686,0.0,0.0
2013-07-16,0.0,0.0,0.0,,,6.685,0.0,0.0
2013-07-17,0.0,0.0,0.0,,,6.687,0.0,0.0
2013-07-18,0.0,0.0,0.0,,,6.637,0.0,0.0
2013-07-19,0.0,0.0,0.0,,,6.591,0.0,0.0
2013-07-22,0.0,0.0,0.0,,,6.591,0.0,0.0
2013-07-23,0.0,0.0,0.0,,,6.56,0.0,0.0
2013-07-24,0.0,0.0,0.0,,,6.579,0.0,0.0
2013-07-25,0.0,0.0,0.0,,,6.604,0.0,0.0
2013-07-26,0.0,0.0,0.0,,,6.533,0.0,0.0
2013-07-29,0.0,0.0,0.0,,,6.533,0.0,0.0
2013-07-30,0.0,0.0,0.0,,,6.5,0.0,0.0
2013-07-31,0.0,0.0,0.0,,,6.518,0.0,0.0
2013-08-01,0.0,0.0,0.0,,,6.494,0.0,0.0
2013-08-02,0.0,0.0,0.0,,,6.479,0.0,0.0
2013-08-05,0.0,0.0,0.0,,,6.454,0.0,0.0
2013-08-06,0.0,0.0,0.0,,,6.437,0.0,0.0
2013-08-07,0.0,0.0,0.0,,,6.465,0.0,0.0
2013-08-08,0.0,0.0,0.0,,,6.422,0.0,0.0
2013-08-09,0.0,0.0,0.0,,,6.392,0.0,0.0
2013-08-12,0.0,0.0,0.0,,,6.332,0.0,0.0
2013-08-13,0.0,0.0,0.0,,,6.264,0.0,0.0
2013-08-14,0.0,0.0,0.0,,,6.215,0.0,0.0
2013-08-15,0.0,0.0,0.0,,,6.243,0.0,0.0
2013-08-16,0.0,0.0,0.0,,,6.225,0.0,0.0
2013-08-19,0.0,0.0,0.0,,,6.236,0.0,0.0
2013-08-20,0.0,0.0,0.0,,,6.222,0.0,0.0
2013-08-21,0.0,0.0,0.0,,,6.186,0.0,0.0
2013-08-22,0.0,0.0,0.0,,,6.205,0.0,0.0
2013-08-23,0.0,0.0,0.0,,,6.175,0.0,0.0
2013-08-26,0.0,0.0,0.0,,,6.127,0.0,0.0
2013-08-27,0.0,0.0,0.0,,,6.047,0.0,0.0
2013-08-28,0.0,0.0,0.0,,,6.044,0.0,0.0
2013-08-29,0.0,0.0,0.0,,,6.054,0.0,0.0
2013-08-30,0.0,0.0,0.0,,,6.066,0.0,0.0
2013-09-03,0.0,0.0,0.0,,,6.075,0.0,0.0
2013-09-04,0.0,0.0,0.0,,,6.042,0.0,0.0
2013-09-05,0.0,0.0,0.0,,,6.015,0.0,0.0
2013-09-06,0.0,0.0,0.0,,,6.015,0.0,0.0
2013-09-09,0.0,0.0,0.0,,,6.01,0.0,0.0
2013-09-10,0.0,0.0,0.0,,,6.024,0.0,0.0
2013-09-11,0.0,0.0,0.0,,,6.011,0.0,0.0
2013-09-12,0.0,0.0,0.0,,,6.0,0.0,0.0
2013-09-13,0.0,0.0,0.0,,,6.02,0.0,0.0
2013-09-16,0.0,0.0,0.0,,,6.022,0.0,0.0
2013-09-17,0.0,0.0,0.0,,,5.997,0.0,0.0
2013-09-18,0.0,0.0,0.0,,,6.054,0.0,0.0
2013-09-19,0.0,0.0,0.0,,,6.082,0.0,0.0
2013-09-20,0.0,0.0,0.0,,,6.068,0.0,0.0
2013-09-23,0.0,0.0,0.0,,,6.029,0.0,0.0
2013-09-24,0.0,0.0,0.0,,,6.009,0.0,0.0
2013-09-25,0.0,0.0,0.0,,,5.991,0.0,0.0
2013-09-26,0.0,0.0,0.0,,,6.057,0.0,0.0
2013-09-27,0.0,0.0,0.0,,,6.082,0.0,0.0
2013-09-30,0.0,0.0,0.0,,,6.032,0.0,0.0
2013-10-01,0.0,0.0,0.0,,,6.052,0.0,0.0
2013-10-02,0.0,0.0,0.0,,,6.011,0.0,0.0
2013-10-03,0.0,0.0,0.0,,,6.012,0.0,0.0
2013-10-04,0.0,0.0,0.0,,,6.02,0.0,0.0
2013-10-07,0.0,0.0,0.0,,,6.037,0.0,0.0
2013-10-08,0.0,0.0,0.0,,,6.06,0.0,0.0
2013-10-09,0.0,0.0,0.0,,,6.048,0.0,0.0
2013-10-10,0.0,0.0,0.0,,,6.043,0.0,0.0
2013-10-11,0.0,0.0,0.0,,,5.993,0.0,0.0
2013-10-14,0.0,0.0,0.0,,,6.01,0.0,0.0
2013-10-15,0.0,0.0,0.0,,,5.985,0.0,0.0
2013-10-16,0.0,0.0,0.0,,,5.927,0.0,0.0
2013-10-17,0.0,0.0,0.0,,,5.977,0.0,0.0
2013-10-18,0.0,0.0,0.0,,,5.988,0.0,0.0
2013-10-21,0.0,0.0,0.0,,,5.984,0.0,0.0
2013-10-22,0.0,0.0,0.0,,,6.029,0.0,0.0
2013-10-23,0.0,0.0,0.0,,,6.035,0.0,0.0
2013-10-24,0.0,0.0,0.0,,,6.001,0.0,0.0
2013-10-25,0.0,0.0,0.0,,,6.032,0.0,0.0
2013-10-28,0.0,0.0,0.0,,,5.985,0.0,0.0
2013-10-29,0.0,0.0,0.0,,,5.976,0.0,0.0
2013-10-30,0.0,0.0,0.0,,,5.962,0.0,0.0
2013-10-31,0.0,0.0,0.0,,,5.863,0.0,0.0
2013-11-01,0.0,0.0,0.0,,,5.793,0.0,0.0
2013-11-04,0.0,0.0,0.0,,,5.764,0.0,0.0
2013-11-05,0.0,0.0,0.0,,,5.746,0.0,0.0
2013-11-06,0.0,0.0,0.0,,,5.743,0.0,0.0
2013-11-07,0.0,0.0,0.0,,,5.737,0.0,0.0
2013-11-08,0.0,0.0,0.0,,,5.627,0.0,0.0
2013-11-11,0.0,0.0,0.0,,,5.643,0.0,0.0
2013-11-12,0.0,0.0,0.0,,,5.649,0.0,0.0
2013-11-13,0.0,0.0,0.0,,,5.603,0.0,0.0
2013-11-14,0.0,0.0,0.0,,,5.567,0.0,0.0
2013-11-15,0.0,0.0,0.0,,,5.454,0.0,0.0
2013-11-18,0.0,0.0,0.0,,,5.426,0.0,0.0
2013-11-19,0.0,0.0,0.0,,,5.348,0.0,0.0
2013-11-20,0.0,0.0,0.0,,,5.364,0.0,0.0
2013-11-21,0.0,0.0,0.0,,,5.333,0.0,0.0
2013-11-22,0.0,0.0,0.0,,,5.335,0.0,0.0
2013-11-25,0.0,0.0,0.0,,,5.346,0.0,0.0
2013-11-26,0.0,0.0,0.0,,,5.327,0.0,0.0
2013-11-27,0.0,0.0,0.0,,,5.329,0.0,0.0
2013-11-29,0.0,0.0,0.0,,,5.319,0.0,0.0
2013-12-02,0.0,0.0,0.0,,,5.409,0.0,0.0
2013-12-03,0.0,0.0,0.0,,,5.523,0.0,0.0
2013-12-04,0.0,0.0,0.0,,,5.622,0.0,0.0
2013-12-05,0.0,0.0,0.0,,,5.601,0.0,0.0
2013-12-06,0.0,0.0,0.0,,,5.577,0.0,0.0
2013-12-09,0.0,0.0,0.0,,,5.465,0.0,0.0
2013-12-10,0.0,0.0,0.0,,,5.432,0.0,0.0
2013-12-11,0.0,0.0,0.0,,,5.348,0.0,0.0
2013-12-12,0.0,0.0,0.0,,,5.196,0.0,0.0
2013-12-13,0.0,0.0,0.0,,,5.198,0.0,0.0
2013-12-16,0.0,0.0,0.0,,,5.195,0.0,0.0
2013-12-17,0.0,0.0,0.0,,,5.159,0.0,0.0
2013-12-18,0.0,0.0,0.0,,,5.126,0.0,0.0
2013-12-19,0.0,0.0,0.0,,,5.14,0.0,0.0
2013-12-20,0.0,0.0,0.0,,,5.1,0.0,0.0
2013-12-23,0.0,0.0,0.0,,,5.085,0.0,0.0
2013-12-24,0.0,0.0,0.0,,,5.112,0.0,0.0
2013-12-26,0.0,0.0,0.0,,,5.109,0.0,0.0
2013-12-27,0.0,0.0,0.0,,,5.121,0.0,0.0
2013-12-30,0.0,0.0,0.0,,,5.111,0.0,0.0
2013-12-31,0.0,0.0,0.0,,,4.968,0.0,0.0
2014-01-02,0.0,0.0,0.0,,,4.983,0.0,0.0
2014-01-03,0.0,0.0,0.0,,,5.009,0.0,0.0
2014-01-06,0.0,0.0,0.0,,,5.015,0.0,0.0
2014-01-07,0.0,0.0,0.0,,,5.033,0.0,0.0
2014-01-08,0.0,0.0,0.0,,,5.053,0.0,0.0
2014-01-09,0.0,0.0,0.0,,,4.999,0.0,0.0
2014-01-10,0.0,0.0,0.0,,,5.117,0.0,0.0
2014-01-13,0.0,0.0,0.0,,,5.034,0.0,0.0
2014-01-14,0.0,0.0,0.0,,,5.026,0.0,0.0
2014-01-15,0.0,0.0,0.0,,,5.012,0.0,0.0
2014-01-16,0.0,0.0,0.0,,,5.007,0.0,0.0
2014-01-17,0.0,0.0,0.0,,,4.997,0.0,0.0
2014-01-21,0.0,0.0,0.0,,,5.045,0.0,0.0
2014-01-22,0.0,0.0,0.0,,,5.045,0.0,0.0
2014-01-23,0.0,0.0,0.0,,,5.039,0.0,0.0
2014-01-24,0.0,0.0,0.0,,,5.041,0.0,0.0
2014-01-27,0.0,0.0,0.0,,,5.08,0.0,0.0
2014-01-28,0.0,0.0,0.0,,,5.066,0.0,0.0
2014-01-29,0.0,0.0,0.0,,,5.06,0.0,0.0
2014-01-30,0.0,0.0,0.0,,,5.115,0.0,0.0
2014-01-31,0.0,0.0,0.0,,,5.112,0.0,0.0
2014-02-03,0.0,0.0,0.0,,,5.151,0.0,0.0
2014-02-04,0.0,0.0,0.0,,,5.117,0.0,0.0
2014-02-05,0.0,0.0,0.0,,,5.082,0.0,0.0
2014-02-06,0.0,0.0,0.0,,,5.027,0.0,0.0
2014-02-07,0.0,0.0,0.0,,,5.045,0.0,0.0
2014-02-10,0.0,0.0,0.0,,,5.01,0.0,0.0
2014-02-11,0.0,0.0,0.0,,,4.824,0.0,0.0
2014-02-12,0.0,0.0,0.0,,,4.83,0.0,0.0
2014-02-13,0.0,0.0,0.0,,,4.816,0.0,0.0
2014-02-14,0.0,0.0,0.0,,,4.714,0.0,0.0
2014-02-18,0.0,0.0,0.0,,0.001,4.715,0.0,0.0
2014-02-20,,,,,0.065,4.81,0.0,0.0
2014-02-21,,,,,0.022,4.832,0.0,0.0
2014-02-24,,,,,0.045,4.877,0.0,0.0
2014-02-25,,,,,0.008,4.885,0.0,0.0
2014-02-26,,,,,0.038,4.847,0.0,0.0
2014-02-27,,,,,0.053,4.794,0.0,0.0
2014-02-28,,,,,0.03,4.764,0.0,0.0
2014-03-03,,,,,0.002,4.762,0.0,0.0
2014-03-04,,,,,0.028,4.79,0.0,0.0
2014-03-06,,,,,0.2,5.015,0.0,0.0
2014-03-07,,,,,0.038,4.977,0.0,0.0
2014-03-10,,,,,0.01,4.987,0.0,0.0
2014-03-11,,,,,0.059,4.928,0.0,0.0
2014-03-12,,,,,0.05,4.978,0.0,0.0
2014-03-13,,,,,0.124,5.102,0.0,0.0
2014-03-14,,,,,0.155,5.257,0.0,0.0
2014-03-17,,,,,0.018,5.239,0.0,0.0
2014-03-18,,,,,0.05,5.189,0.0,0.0
2014-03-19,,,,,0.036,5.225,0.0,0.0
2014-03-20,,,,,0.104,5.329,0.0,0.0
2014-03-21,,,,,0.01,5.319,0.0,0.0
2014-03-24,,,,,0.025,5.344,0.0,0.0
2014-03-25,,,,,0.025,5.369,0.0,0.0
2014-03-26,,,,,0.019,5.388,0.0,0.0
2014-03-27,,,,,0.003,5.385,0.0,0.0
2014-03-28,,,,,0.02,5.365,0.0,0.0
2014-03-31,,,,,,5.365,0.0,0.0
2014-04-01,,,,,0.041,5.324,0.0,0.0
2014-04-02,,,,,0.013,5.337,0.0,0.0
2014-04-03,,,,,0.077,5.414,0.0,0.0
2014-04-04,,,,,0.015,5.429,0.0,0.0
2014-04-07,,,,,0.02,5.449,0.0,0.0
2014-04-08,,,,,0.006,5.443,0.0,0.0
2014-04-09,,,,,0.06,5.503,0.0,0.0
2014-04-10,,,,,0.036,5.539,0.0,0.0
2014-04-11,,,,,0.003,5.542,0.0,0.0
2014-04-14,,,,,0.002,5.54,0.0,0.0
2014-04-15,,,,,0.043,5.583,0.0,0.0
2014-04-16,,,,,0.005,5.588,0.0,0.0
2014-04-17,,,,,0.011,5.599,0.0,0.0
2014-04-21,,,,,0.039,5.56,0.0,0.0
2014-04-22,,,,,0.021,5.581,0.0,0.0
2014-04-23,,,,,0.007,5.574,0.0,0.0
2014-04-24,,,,,0.039,5.613,0.0,0.0
2014-04-25,,,,,0.011,5.602,0.0,0.0
2014-04-28,,,,,0.008,5.61,0.0,0.0
2014-04-29,,,,,0.05,5.66,0.0,0.0
2014-04-30,,,,,0.006,5.666,0.0,0.0
2014-05-01,,,,,0.004,5.67,0.0,0.0
2014-05-02,,,,,0.012,5.658,0.0,0.0
2014-05-05,,,,,0.011,5.647,0.0,0.0
2014-05-06,,,,,0.016,5.663,0.0,0.0
2014-05-07,,,,,0.005,5.668,0.0,0.0
2014-05-08,,,,,0.01,5.678,0.0,0.0
2014-05-09,,,,,0.04,5.718,0.0,0.0
2014-05-12,,,,,0.03,5.688,0.0,0.0
2014-05-13,,,,,0.015,5.703,0.0,0.0
2014-05-14,,,,,0.018,5.721,0.0,0.0
2014-05-15,,,,,0.054,5.667,0.0,0.0
2014-05-16,,,,,0.04,5.627,0.0,0.0
2014-05-19,,,,,0.001,5.628,0.0,0.0
2014-05-20,,,,,0.015,5.613,0.0,0.0
2014-05-21,,,,,0.005,5.618,0.0,0.0
2014-05-22,,,,,0.022,5.596,0.0,0.0
2014-05-23,,,,,0.02,5.616,0.0,0.0
2014-05-27,,,,,0.013,5.629,0.0,0.0
2014-05-28,,,,,0.036,5.593,0.0,0.0
2014-05-29,,,,,0.003,5.596,0.0,0.0
2014-05-30,,,,,0.004,5.592,0.0,0.0
2014-06-02,,,,,0.035,5.627,0.0,0.0
2014-06-03,,,,,0.023,5.604,0.0,0.0
2014-06-04,,,,,0.005,5.599,0.0,0.0
2014-06-05,,,,,0.018,5.617,0.0,0.0
2014-06-06,,,,,0.016,5.633,0.0,0.0
2014-06-09,,,,,0.014,5.619,0.0,0.0
2014-06-10,,,,,0.043,5.662,0.0,0.0
2014-06-11,,,,,0.014,5.648,0.0,0.0
2014-06-12,,,,,0.005,5.643,0.0,0.0
2014-06-13,,,,,0.029,5.672,0.0,0.0
2014-06-16,,,,,0.001,5.671,0.0,0.0
2014-06-17,,,,,0.04,5.711,0.0,0.0
2014-06-18,,,,,0.014,5.725,0.0,0.0
2014-06-19,,,,,0.022,5.747,0.0,0.0
2014-06-20,,,,,0.04,5.707,0.0,0.0
2014-06-23,,,,,0.012,5.695,0.0,0.0
2014-06-24,,,,,0.004,5.691,0.0,0.0
2014-06-25,,,,,0.009,5.7,0.0,0.0
2014-06-26,,,,,0.086,5.614,0.0,0.0
2014-06-27,,,,,0.002,5.612,0.0,0.0
2014-06-30,,,,,0.019,5.631,0.0,0.0
2014-07-01,,,,,0.008,5.639,0.0,0.0
2014-07-02,,,,,0.025,5.614,0.0,0.0
2014-07-03,,,,,0.005,5.609,0.0,0.0
2014-07-07,,,,,0.026,5.583,0.0,0.0
2014-07-08,,,,,0.024,5.559,0.0,0.0
2014-07-09,,,,,0.034,5.525,0.0,0.0
2014-07-10,,,,,0.053,5.472,0.0,0.0
2014-07-11,,,,,0.006,5.466,0.0,0.0
2014-07-14,,,,,0.037,5.429,0.0,0.0
2014-07-15,,,,,0.015,5.414,0.0,0.0
2014-07-16,,,,,0.015,5.429,0.0,0.0
2014-07-17,,,,,0.009,5.42,0.0,0.0
2014-07-18,,,,,0.027,5.447,0.0,0.0
2014-07-21,,,,,0.019,5.428,0.0,0.0
2014-07-22,,,,,0.046,5.382,0.0,0.0
2014-07-23,,,,,0.024,5.358,0.0,0.0
2014-07-24,,,,,0.019,5.339,0.0,0.0
2014-07-25,,,,,0.005,5.334,0.0,0.0
2014-07-28,,,,,0.013,5.321,0.0,0.0
2014-07-29,,,,,0.081,5.24,0.0,0.0
2014-07-30,,,,,0.027,5.267,0.0,0.0
2014-07-31,,,,,0.026,5.293,0.0,0.0
2014-08-01,,,,,0.028,5.321,0.0,0.0
2014-08-04,,,,,0.005,5.316,0.0,0.0
2014-08-05,,,,,0.096,5.22,0.0,0.0
2014-08-06,,,,,0.061,5.159,0.0,0.0
2014-08-07,,,,,0.014,5.173,0.0,0.0
2014-08-08,,,,,0.009,5.164,0.0,0.0
2014-08-11,,,,,0.045,5.119,0.0,0.0
2014-08-12,,,,,0.018,5.101,0.0,0.0
2014-08-13,,,,,0.015,5.086,0.0,0.0
2014-08-14,,,,,0.011,5.097,0.0,0.0
2014-08-15,,,,,0.035,5.062,0.0,0.0
2014-08-18,,,,,0.001,5.063,0.0,0.0
2014-08-19,,,,,0.003,5.06,0.0,0.0
2014-08-20,,,,,0.02,5.04,0.0,0.0
2014-08-21,,,,,0.033,5.073,0.0,0.0
2014-08-22,,,,,0.019,5.092,0.0,0.0
2014-08-25,,,,,0.008,5.1,0.0,0.0
2014-08-26,,,,,0.007,5.093,0.0,0.0
2014-08-27,,,,,0.015,5.108,0.0,0.0
2014-08-28,,,,,0.036,5.144,0.0,0.0
2014-08-29,,,,,0.008,5.136,0.0,0.0
2014-09-02,,,,,0.022,5.114,0.0,0.0
2014-09-03,,,,,0.022,5.136,0.0,0.0
2014-09-04,,,,,0.04,5.176,0.0,0.0
2014-09-05,,,,,0.003,5.173,0.0,0.0
2014-09-08,,,,,0.01,5.163,0.0,0.0
2014-09-09,,,,,0.017,5.146,0.0,0.0
2014-09-10,,,,,0.007,5.153,0.0,0.0
2014-09-11,,,,,0.019,5.172,0.0,0.0
2014-09-12,,,,,0.026,5.146,0.0,0.0
2014-09-15,,,,,0.022,5.124,0.0,0.0
2014-09-16,,,,,0.005,5.129,0.0,0.0
2014-09-17,,,,,0.011,5.118,0.0,0.0
2014-09-18,,,,,0.054,5.064,0.0,0.0
2014-09-19,,,,,0.005,5.059,0.0,0.0
2014-09-22,,,,,0.015,5.044,0.0,0.0
2014-09-23,,,,,0.01,5.054,0.0,0.0
2014-09-24,,,,,0.006,5.048,0.0,0.0
2014-09-25,,,,,0.001,5.047,0.0,0.0
2014-09-26,,,,,0.02,5.027,0.0,0.0
2014-09-29,,,,,0.011,5.038,0.0,0.0
2014-09-30,,,,,0.04,5.078,0.0,0.0
2014-10-01,,,,,0.057,5.021,0.0,0.0
2014-10-02,,,,,0.041,5.062,0.0,0.0
2014-10-03,,,,,0.023,5.039,0.0,0.0
2014-10-06,,,,,,5.039,0.0,0.0
2014-10-07,,,,,0.003,5.042,0.0,0.0
2014-10-08,,,,,,5.042,0.0,0.0
2014-10-09,,,,,0.015,5.057,0.0,0.0
2014-10-10,,,,,0.003,5.054,0.0,0.0
2014-10-13,,,,,0.01,5.064,0.0,0.0
2014-10-14,,,,,0.01,5.054,0.0,0.0
2014-10-15,,,,,0.015,5.039,0.0,0.0
2014-10-16,,,,,0.02,5.019,0.0,0.0
2014-10-17,,,,,0.035,5.054,0.0,0.0
2014-10-20,,,,,0.013,5.041,0.0,0.0
2014-10-21,,,,,0.005,5.036,0.0,0.0
2014-10-22,,,,,0.014,5.022,0.0,0.0
2014-10-23,,,,,0.001,5.021,0.0,0.0
2014-10-24,,,,,0.023,4.998,0.0,0.0
2014-10-27,,,,,0.013,4.985,0.0,0.0
2014-10-28,,,,,0.015,4.97,0.0,0.0
2014-10-29,,,,,0.005,4.975,0.0,0.0
2014-10-30,,,,,0.007,4.968,0.0,0.0
2014-10-31,,,,,0.015,4.983,0.0,0.0
2014-11-03,,,,,0.004,4.979,0.0,0.0
2014-11-04,,,,,0.005,4.974,0.0,0.0
2014-11-05,,,,,0.029,4.945,0.0,0.0
2014-11-06,,,,,0.013,4.932,0.0,0.0
2014-11-07,,,,,0.003,4.929,0.0,0.0
2014-11-10,,,,,0.006,4.923,0.0,0.0
2014-11-11,,,,,0.015,4.938,0.0,0.0
2014-11-12,,,,,0.021,4.959,0.0,0.0
2014-11-13,,,,,0.02,4.939,0.0,0.0
2014-11-14,,,,,0.026,4.965,0.0,0.0
2014-11-17,,,,,0.003,4.968,0.0,0.0
2014-11-18,,,,,0.025,4.943,0.0,0.0
2014-11-19,,,,,0.019,4.924,0.0,0.0
2014-11-20,,,,,0.005,4.919,0.0,0.0
2014-11-21,,,,,0.027,4.892,0.0,0.0
2014-11-24,,,,,0.054,4.946,0.0,0.0
2014-11-25,,,,,0.001,4.945,0.0,0.0
2014-11-26,,,,,0.007,4.938,0.0,0.0
2014-11-28,,,,,0.018,4.956,0.0,0.0
2014-12-01,,,,,0.063,5.019,0.0,0.0
2014-12-02,,,,,0.004,5.015,0.0,0.0
2014-12-03,,,,,0.009,5.024,0.0,0.0
2014-12-04,,,,,0.005,5.029,0.0,0.0
2014-12-05,,,,,0.021,5.05,0.0,0.0
2014-12-08,,,,,0.016,5.066,0.0,0.0
2014-12-09,,,,,0.03,5.096,0.0,0.0
2014-12-10,,,,,0.018,5.078,0.0,0.0
2014-12-11,,,,,0.023,5.055,0.0,0.0
2014-12-12,,,,,0.017,5.038,0.0,0.0
2014-12-15,,,,,0.013,5.025,0.0,0.0
2014-12-16,,,,,0.05,4.975,0.0,0.0
2014-12-17,,,,,0.025,5.0,0.0,0.0
2014-12-18,,,,,0.019,4.981,0.0,0.0
2014-12-19,,,,,0.079,4.902,0.0,0.0
2014-12-22,,,,,0.001,4.903,0.0,0.0
2014-12-23,,,,,0.032,4.871,0.0,0.0
2014-12-24,,,,,0.006,4.865,0.0,0.0
2014-12-26,,,,,0.003,4.862,0.0,0.0
2014-12-29,,,,,0.002,4.86,0.0,0.0
2014-12-30,,,,,0.018,4.842,0.0,0.0
2014-12-31,,,,,0.029,4.813,0.0,0.0
2015-01-02,,,,,0.016,4.797,0.0,0.0
2015-01-05,,,,,,4.797,0.0,0.0
2015-01-06,,,,,0.041,4.756,0.0,0.0
2015-01-07,,,,,0.06,4.696,0.0,0.0
2015-01-08,,,,,0.02,4.676,0.0,0.0
2015-01-09,,,,,0.012,4.664,0.0,0.0
2015-01-12,,,,,0.09,4.574,0.0,0.0
2015-01-13,,,,,0.028,4.546,0.0,0.0
2015-01-14,,,,,0.075,4.471,0.0,0.0
2015-01-15,,,,,0.05,4.421,0.0,0.0
2015-01-16,,,,,0.008,4.429,0.0,0.0
2015-01-20,,,,,0.008,4.421,0.0,0.0
2015-01-21,,,,,0.004,4.425,0.0,0.0
2015-01-22,,,,,0.021,4.404,0.0,0.0
2015-01-23,,,,,,4.404,0.0,0.0
2015-01-26,,,,,0.018,4.422,0.0,0.0
2015-01-27,,,,,0.006,4.416,0.0,0.0
2015-01-28,,,,,0.03,4.446,0.0,0.0
2015-01-29,,,,,0.017,4.429,0.0,0.0
2015-01-30,,,,,0.007,4.436,0.0,0.0
2015-02-02,,,,,0.037,4.399,0.0,0.0
2015-02-03,,,,,0.016,4.415,0.0,0.0
2015-02-04,,,,,0.019,4.434,0.0,0.0
2015-02-05,,,,,0.095,4.339,0.0,0.0
2015-02-06,,,,,0.059,4.398,0.0,0.0
2015-02-09,,,,,0.03,4.428,0.0,0.0
2015-02-10,,,,,0.021,4.449,0.0,0.0
2015-02-11,,,,,0.017,4.432,0.0,0.0
2015-02-12,,,,,0.001,4.433,0.0,0.0
2015-02-13,,,,,0.035,4.468,0.0,0.0
2015-02-17,,,,,0.055,4.413,0.0,0.0
2015-02-18,,,,,0.028,4.441,0.0,0.0
2015-02-19,,,,,0.026,4.415,0.0,0.0
2015-02-20,,,,,0.005,4.42,0.0,0.0
2015-02-23,,,,,0.028,4.392,0.0,0.0
2015-02-24,,,,,0.027,4.419,0.0,0.0
2015-02-25,,,,,0.006,4.425,0.0,0.0
2015-02-26,,,,,0.03,4.395,0.0,0.0
2015-02-27,,,,,0.001,4.396,0.0,0.0
2015-03-02,,,,,0.024,4.372,0.0,0.0
2015-03-03,,,,,0.009,4.381,0.0,0.0
2015-03-04,,,,,0.007,4.388,0.0,0.0
2015-03-05,,,,,0.041,4.347,0.0,0.0
2015-03-06,,,,,,4.347,0.0,0.0
2015-03-09,,,,,0.025,4.322,0.0,0.0
2015-03-10,,,,,0.002,4.32,0.0,0.0
2015-03-11,,,,,0.007,4.313,0.0,0.0
2015-03-12,,,,,0.031,4.282,0.0,0.0
2015-03-13,,,,,0.004,4.278,0.0,0.0
2015-03-16,,,,,0.013,4.291,0.0,0.0
2015-03-17,,,,,0.019,4.272,0.0,0.0
2015-03-18,,,,,0.032,4.304,0.0,0.0
2015-03-19,,,,,0.006,4.31,0.0,0.0
2015-03-20,,,,,,4.31,0.0,0.0
2015-03-23,,,,,0.001,4.311,0.0,0.0
2015-03-24,,,,,0.02,4.331,0.0,0.0
2015-03-25,,,,,0.012,4.319,0.0,0.0
2015-03-26,,,,,0.009,4.31,0.0,0.0
2015-03-27,,,,,0.025,4.285,0.0,0.0
2015-03-30,,,,,0.012,4.273,0.0,0.0
2015-03-31,,,,,0.012,4.285,0.0,0.0
2015-04-01,,,,,0.006,4.279,0.0,0.0
2015-04-02,,,,,0.054,4.333,0.0,0.0
2015-04-06,,,,,0.015,4.348,0.0,0.0
2015-04-07,,,,,0.042,4.39,0.0,0.0
2015-04-08,,,,,0.008,4.398,0.0,0.0
2015-04-09,,,,,0.007,4.391,0.0,0.0
2015-04-10,,,,,0.005,4.386,0.0,0.0
2015-04-13,,,,,0.01,4.376,0.0,0.0
2015-04-14,,,,,0.005,4.371,0.0,0.0
2015-04-15,,,,,0.005,4.376,0.0,0.0
2015-04-16,,,,,0.02,4.396,0.0,0.0
2015-04-17,,,,,0.028,4.368,0.0,0.0
2015-04-20,,,,,0.001,4.369,0.0,0.0
2015-04-21,,,,,0.003,4.372,0.0,0.0
2015-04-22,,,,,0.013,4.359,0.0,0.0
2015-04-23,,,,,0.042,4.317,0.0,0.0
2015-04-24,,,,,0.002,4.315,0.0,0.0
2015-04-27,,,,,0.02,4.295,0.0,0.0
2015-04-28,,,,,0.008,4.287,0.0,0.0
2015-04-29,,,,,0.005,4.292,0.0,0.0
2015-04-30,,,,,0.005,4.287,0.0,0.0
2015-05-01,,,,,0.01,4.277,0.0,0.0
2015-05-04,,,,,0.041,4.236,0.0,0.0
2015-05-05,,,,,0.011,4.247,0.0,0.0
2015-05-06,,,,,0.008,4.255,0.0,0.0
2015-05-07,,,,,0.003,4.252,0.0,0.0
2015-05-08,,,,,0.007,4.259,0.0,0.0
2015-05-11,,,,,0.013,4.246,0.0,0.0
2015-05-12,,,,,0.013,4.233,0.0,0.0
2015-05-13,,,,,0.009,4.242,0.0,0.0
2015-05-14,,,,,0.011,4.253,0.0,0.0
2015-05-15,,,,,0.005,4.258,0.0,0.0
2015-05-18,,,,,0.002,4.256,0.0,0.0
2015-05-19,,,,,0.015,4.241,0.0,0.0
2015-05-20,,,,,0.018,4.259,0.0,0.0
2015-05-21,,,,,0.001,4.258,0.0,0.0
2015-05-22,,,,,0.012,4.246,0.0,0.0
2015-05-26,,,,,0.001,4.247,0.0,0.0
2015-05-27,,,,,0.005,4.242,0.0,0.0
2015-05-28,,,,,0.008,4.234,0.0,0.0
2015-05-29,,,,,0.01,4.224,0.0,0.0
2015-06-01,,,,,0.002,4.226,0.0,0.0
2015-06-02,,,,,0.003,4.223,0.0,0.0
2015-06-03,,,,,0.001,4.224,0.0,0.0
2015-06-04,,,,,0.046,4.178,0.0,0.0
2015-06-05,,,,,0.039,4.139,0.0,0.0
2015-06-08,,,,,0.008,4.147,0.0,0.0
2015-06-09,,,,,0.023,4.124,0.0,0.0
2015-06-10,,,,,0.003,4.121,0.0,0.0
2015-06-11,,,,,0.041,4.162,0.0,0.0
2015-06-12,,,,,0.001,4.163,0.0,0.0
2015-06-15,,,,,0.01,4.173,0.0,0.0
2015-06-16,,,,,0.025,4.198,0.0,0.0
2015-06-17,,,,,0.007,4.191,0.0,0.0
2015-06-18,,,,,0.018,4.173,0.0,0.0
2015-06-19,,,,,0.005,4.178,0.0,0.0
2015-06-22,,,,,0.017,4.161,0.0,0.0
2015-06-23,,,,,0.001,4.16,0.0,0.0
2015-06-24,,,,,0.002,4.162,0.0,0.0
2015-06-25,,,,,0.001,4.163,0.0,0.0
2015-06-26,,,,,0.003,4.166,0.0,0.0
2015-06-29,,,,,0.017,4.149,0.0,0.0
2015-06-30,,,,,0.012,4.161,0.0,0.0
2015-07-01,,,,,0.011,4.172,0.0,0.0
2015-07-02,,,,,0.004,4.176,0.0,0.0
2015-07-06,,,,,0.028,4.148,0.0,0.0
2015-07-07,,,,,0.004,4.152,0.0,0.0
2015-07-08,,,,,0.021,4.173,0.0,0.0
2015-07-09,,,,,0.024,4.197,0.0,0.0
2015-07-10,,,,,0.003,4.2,0.0,0.0
2015-07-13,,,,,,4.2,0.0,0.0
2015-07-14,,,,,0.042,4.242,0.0,0.0
2015-07-15,,,,,0.053,4.295,0.0,0.0
2015-07-16,,,,,0.007,4.302,0.0,0.0
2015-07-17,,,,,0.007,4.309,0.0,0.0
2015-07-20,,,,,0.007,4.302,0.0,0.0
2015-07-21,,,,,0.001,4.301,0.0,0.0
2015-07-22,,,,,0.004,4.297,0.0,0.0
2015-07-23,,,,,0.02,4.277,0.0,0.0
2015-07-24,,,,,0.006,4.283,0.0,0.0
2015-07-27,,,,,0.021,4.304,0.0,0.0
2015-07-28,,,,,0.001,4.303,0.0,0.0
2015-07-29,,,,,0.006,4.297,0.0,0.0
2015-07-30,,,,,0.021,4.276,0.0,0.0
2015-07-31,,,,,0.04,4.236,0.0,0.0
2015-08-03,,,,,0.019,4.217,0.0,0.0
2015-08-04,,,,,0.044,4.173,0.0,0.0
2015-08-05,,,,,,4.173,0.0,0.0
2015-08-06,,,,,0.04,4.133,0.0,0.0
2015-08-07,,,,,0.026,4.107,0.0,0.0
2015-08-10,,,,,0.004,4.103,0.0,0.0
2015-08-11,,,,,0.088,4.015,0.0,0.0
2015-08-12,,,,,0.033,3.982,0.0,0.0
2015-08-13,,,,,0.058,4.04,0.0,0.0
2015-08-14,,,,,0.016,4.056,0.0,0.0
2015-08-17,,,,,0.005,4.061,0.0,0.0
2015-08-18,,,,,0.035,4.096,0.0,0.0
2015-08-19,,,,,0.044,4.052,0.0,0.0
2015-08-20,,,,,0.015,4.037,0.0,0.0
2015-08-21,,,,,0.035,4.002,0.0,0.0
2015-08-24,,,,,0.046,3.956,0.0,0.0
2015-08-25,,,,,0.003,3.953,0.0,0.0
2015-08-26,,,,,0.006,3.959,0.0,0.0
2015-08-27,,,,,0.007,3.966,0.0,0.0
2015-08-28,,,,,0.027,3.993,0.0,0.0
2015-08-31,,,,,0.003,3.99,0.0,0.0
2015-09-01,,,,,0.011,4.001,0.0,0.0
2015-09-02,,,,,0.002,4.003,0.0,0.0
2015-09-03,,,,,0.007,4.01,0.0,0.0
2015-09-04,,,,,0.01,4.0,0.0,0.0
2015-09-08,,,,,0.006,4.006,0.0,0.0
2015-09-09,,,,,0.018,4.024,0.0,0.0
2015-09-10,,,,,0.005,4.019,0.0,0.0
2015-09-11,,,,,0.037,3.982,0.0,0.0
2015-09-14,,,,,0.01,3.992,0.0,0.0
2015-09-15,,,,,0.01,3.982,0.0,0.0
2015-09-16,,,,,0.027,3.955,0.0,0.0
2015-09-17,,,,,0.03,3.925,0.0,0.0
2015-09-18,,,,,0.006,3.919,0.0,0.0
2015-09-21,,,,,0.012,3.907,0.0,0.0
2015-09-22,,,,,0.012,3.895,0.0,0.0
2015-09-23,,,,,0.01,3.905,0.0,0.0
2015-09-24,,,,,0.037,3.942,0.0,0.0
2015-09-25,,,,,0.035,3.907,0.0,0.0
2015-09-28,,,,,0.003,3.904,0.0,0.0
2015-09-29,,,,,0.026,3.878,0.0,0.0
2015-09-30,,,,,0.027,3.851,0.0,0.0
2015-10-01,,,,,0.013,3.838,0.0,0.0
2015-10-02,,,,,0.01,3.848,0.0,0.0
2015-10-05,,,,,0.003,3.851,0.0,0.0
2015-10-06,,,,,0.029,3.88,0.0,0.0
2015-10-07,,,,,,3.88,0.0,0.0
2015-10-08,,,,,0.005,3.875,0.0,0.0
2015-10-09,,,,,0.002,3.873,0.0,0.0
2015-10-12,,,,,0.005,3.878,0.0,0.0
2015-10-13,,,,,0.002,3.88,0.0,0.0
2015-10-14,,,,,0.003,3.883,0.0,0.0
2015-10-15,,,,,0.009,3.874,0.0,0.0
2015-10-16,,,,,0.009,3.883,0.0,0.0
2015-10-19,,,,,0.002,3.885,0.0,0.0
2015-10-20,,,,,0.009,3.894,0.0,0.0
2015-10-21,,,,,0.017,3.877,0.0,0.0
2015-10-22,,,,,0.004,3.873,0.0,0.0
2015-10-23,,,,,0.04,3.833,0.0,0.0
2015-10-26,,,,,0.029,3.804,0.0,0.0
2015-10-27,,,,,0.026,3.778,0.0,0.0
2015-10-28,,,,,0.001,3.777,0.0,0.0
2015-10-29,,,,,,3.777,0.0,0.0
2015-10-30,,,,,0.05,3.827,0.0,0.0
2015-11-02,,,,,0.022,3.805,0.0,0.0
2015-11-03,,,,,0.009,3.814,0.0,0.0
2015-11-04,,,,,0.002,3.816,0.0,0.0
2015-11-05,,,,,0.002,3.818,0.0,0.0
2015-11-06,,,,,0.002,3.816,0.0,0.0
2015-11-09,,,,,0.006,3.81,0.0,0.0
2015-11-10,,,,,0.007,3.803,0.0,0.0
2015-11-11,,,,,0.014,3.789,0.0,0.0
2015-11-12,,,,,0.015,3.774,0.0,0.0
2015-11-13,,,,,0.027,3.801,0.0,0.0
2015-11-16,,,,,0.009,3.81,0.0,0.0
2015-11-17,,,,,0.003,3.813,0.0,0.0
2015-11-18,,,,,0.067,3.746,0.0,0.0
2015-11-19,,,,,0.04,3.706,0.0,0.0
2015-11-20,,,,,0.031,3.675,0.0,0.0
2015-11-23,,,,,0.018,3.693,0.0,0.0
2015-11-24,,,,,0.006,3.699,0.0,0.0
2015-11-25,,,,,0.015,3.714,0.0,0.0
2015-11-27,,,,,0.018,3.696,0.0,0.0
2015-11-30,,,,,0.006,3.702,0.0,0.0
2015-12-01,,,,,0.01,3.712,0.0,0.0
2015-12-02,,,,,0.028,3.74,0.0,0.0
2015-12-03,,,,,0.003,3.743,0.0,0.0
2015-12-04,,,,,0.002,3.741,0.0,0.0
2015-12-07,,,,,0.017,3.724,0.0,0.0
2015-12-08,,,,,0.02,3.744,0.0,0.0
2015-12-09,,,,,0.022,3.766,0.0,0.0
2015-12-10,,,,,0.021,3.787,0.0,0.0
2015-12-11,,,,,0.004,3.783,0.0,0.0
2015-12-14,,,,,0.012,3.771,0.0,0.0
2015-12-15,,,,,0.008,3.763,0.0,0.0
2015-12-16,,,,,0.025,3.788,0.0,0.0
2015-12-17,,,,,0.025,3.813,0.0,0.0
2015-12-18,,,,,0.022,3.791,0.0,0.0
2015-12-21,,,,,0.023,3.768,0.0,0.0
2015-12-22,,,,,0.01,3.778,0.0,0.0
2015-12-23,,,,,0.007,3.771,0.0,0.0
2015-12-24,,,,,,3.771,0.0,0.0
2015-12-28,,,,,0.046,3.817,0.0,0.0
2015-12-29,,,,,0.015,3.802,0.0,0.0
2015-12-30,,,,,0.009,3.793,0.0,0.0
2015-12-31,,,,,0.001,3.794,0.0,0.0
2016-01-04,,,,,0.02,3.774,0.0,0.0
2016-01-05,,,,,0.026,3.748,0.0,0.0
2016-01-06,,,,,0.005,3.743,0.0,0.0
2016-01-07,,,,,0.021,3.764,0.0,0.0
2016-01-08,,,,,0.022,3.742,0.0,0.0
2016-01-11,,,,,0.026,3.716,0.0,0.0
2016-01-12,,,,,0.049,3.667,0.0,0.0
2016-01-13,,,,,0.02,3.687,0.0,0.0
2016-01-14,,,,,0.015,3.702,0.0,0.0
2016-01-15,,,,,0.016,3.686,0.0,0.0
2016-01-19,,,,,0.002,3.688,0.0,0.0
2016-01-20,,,,,0.013,3.675,0.0,0.0
2016-01-21,,,,,0.008,3.683,0.0,0.0
2016-01-22,,,,,0.008,3.675,0.0,0.0
2016-01-25,,,,,0.006,3.669,0.0,0.0
2016-01-26,,,,,0.016,3.653,0.0,0.0
2016-01-27,,,,,0.013,3.666,0.0,0.0
2016-01-28,,,,,0.044,3.71,0.0,0.0
2016-01-29,,,,,0.018,3.692,0.0,0.0
2016-02-01,,,,,0.041,3.651,0.0,0.0
2016-02-02,,,,,0.06,3.591,0.0,0.0
2016-02-03,,,,,0.018,3.609,0.0,0.0
2016-02-04,,,,,0.003,3.612,0.0,0.0
2016-02-05,,,,,0.002,3.61,0.0,0.0
2016-02-08,,,,,0.057,3.553,0.0,0.0
2016-02-09,,,,,0.02,3.533,0.0,0.0
2016-02-10,,,,,0.035,3.498,0.0,0.0
2016-02-11,,,,,0.043,3.455,0.0,0.0
2016-02-12,,,,,0.028,3.427,0.0,0.0
2016-02-16,,,,,0.03,3.397,0.0,0.0
2016-02-17,,,,,0.01,3.387,0.0,0.0
2016-02-18,,,,,0.031,3.356,0.0,0.0
2016-02-19,,,,,0.02,3.336,0.0,0.0
2016-02-22,,,,,0.061,3.275,0.0,0.0
2016-02-23,,,,,0.016,3.291,0.0,0.0
2016-02-24,,,,,0.03,3.321,0.0,0.0
2016-02-25,,,,,0.004,3.317,0.0,0.0
2016-02-26,,,,,0.004,3.321,0.0,0.0
2016-02-29,,,,,0.051,3.372,0.0,0.0
2016-03-01,,,,,0.024,3.396,0.0,0.0
2016-03-02,,,,,0.013,3.383,0.0,0.0
2016-03-03,,,,,0.008,3.391,0.0,0.0
2016-03-04,,,,,0.001,3.39,0.0,0.0
2016-03-07,,,,,0.007,3.397,0.0,0.0
2016-03-08,,,,,0.006,3.403,0.0,0.0
2016-03-09,,,,,0.048,3.451,0.0,0.0
2016-03-10,,,,,0.006,3.457,0.0,0.0
2016-03-11,,,,,0.012,3.469,0.0,0.0
2016-03-14,,,,,0.015,3.454,0.0,0.0
2016-03-15,,,,,0.003,3.451,0.0,0.0
2016-03-16,,,,,0.006,3.457,0.0,0.0
2016-03-17,,,,,0.005,3.462,0.0,0.0
2016-03-18,,,,,0.01,3.452,0.0,0.0
2016-03-21,,,,,0.002,3.45,0.0,0.0
2016-03-22,,,,,0.023,3.473,0.0,0.0
2016-03-23,,,,,0.019,3.492,0.0,0.0
2016-03-24,,,,,0.055,3.547,0.0,0.0
2016-03-28,,,,,0.06,3.607,0.0,0.0
2016-03-29,,,,,0.032,3.639,0.0,0.0
2016-03-30,,,,,0.005,3.644,0.0,0.0
2016-03-31,,,,,0.024,3.668,0.0,0.0
2016-04-01,,,,,0.003,3.665,0.0,0.0
2016-04-04,,,,,0.018,3.647,0.0,0.0
2016-04-05,,,,,0.008,3.655,0.0,0.0
2016-04-06,,,,,0.039,3.694,0.0,0.0
2016-04-07,,,,,0.005,3.699,0.0,0.0
2016-04-08,,,,,0.015,3.714,0.0,0.0
2016-04-11,,,,,0.01,3.704,0.0,0.0
2016-04-12,,,,,,3.704,0.0,0.0
2016-04-13,,,,,0.005,3.709,0.0,0.0
2016-04-14,,,,,0.001,3.708,0.0,0.0
2016-04-15,,,,,0.03,3.678,0.0,0.0
2016-04-18,,,,,0.008,3.67,0.0,0.0
2016-04-19,,,,,0.013,3.657,0.0,0.0
2016-04-20,,,,,,3.657,0.0,0.0
2016-04-21,,,,,0.029,3.686,0.0,0.0
2016-04-22,,,,,0.008,3.678,0.0,0.0
2016-04-25,,,,,0.014,3.692,0.0,0.0
2016-04-26,,,,,0.048,3.74,0.0,0.0
2016-04-27,,,,,0.018,3.758,0.0,0.0
2016-04-28,,,,,0.008,3.75,0.0,0.0
2016-04-29,,,,,0.002,3.748,0.0,0.0
2016-05-02,,,,,0.02,3.728,0.0,0.0
2016-05-03,,,,,0.007,3.721,0.0,0.0
2016-05-04,,,,,0.009,3.73,0.0,0.0
2016-05-05,,,,,0.033,3.763,0.0,0.0
2016-05-06,,,,,0.001,3.762,0.0,0.0
2016-05-09,,,,,0.012,3.75,0.0,0.0
2016-05-10,,,,,0.018,3.732,0.0,0.0
2016-05-11,,,,,0.016,3.716,0.0,0.0
2016-05-12,,,,,0.015,3.701,0.0,0.0
2016-05-13,,,,,0.001,3.7,0.0,0.0
2016-05-16,,,,,0.007,3.707,0.0,0.0
2016-05-17,,,,,0.016,3.691,0.0,0.0
2016-05-18,,,,,0.012,3.679,0.0,0.0
2016-05-19,,,,,0.015,3.694,0.0,0.0
2016-05-20,,,,,0.012,3.682,0.0,0.0
2016-05-23,,,,,0.003,3.679,0.0,0.0
2016-05-24,,,,,0.001,3.678,0.0,0.0
2016-05-25,,,,,0.034,3.712,0.0,0.0
2016-05-26,,,,,0.031,3.743,0.0,0.0
2016-05-27,,,,,0.01,3.753,0.0,0.0
2016-05-31,,,,,0.004,3.757,0.0,0.0
2016-06-01,,,,,0.004,3.753,0.0,0.0
2016-06-02,,,,,0.01,3.743,0.0,0.0
2016-06-03,,,,,0.009,3.734,0.0,0.0
2016-06-06,,,,,0.006,3.728,0.0,0.0
2016-06-07,,,,,0.024,3.752,0.0,0.0
2016-06-08,,,,,0.007,3.745,0.0,0.0
2016-06-09,,,,,0.007,3.738,0.0,0.0
2016-06-10,,,,,0.021,3.717,0.0,0.0
2016-06-13,,,,,0.039,3.678,0.0,0.0
2016-06-14,,,,,0.022,3.656,0.0,0.0
2016-06-15,,,,,,3.656,0.0,0.0
2016-06-16,,,,,0.002,3.654,0.0,0.0
2016-06-17,,,,,0.023,3.631,0.0,0.0
2016-06-20,,,,,0.01,3.621,0.0,0.0
2016-06-21,,,,,0.01,3.611,0.0,0.0
2016-06-22,,,,,0.007,3.618,0.0,0.0
2016-06-23,,,,,0.014,3.632,0.0,0.0
2016-06-24,,,,,0.018,3.65,0.0,0.0
2016-06-27,,,,,0.035,3.615,0.0,0.0
2016-06-28,,,,,0.049,3.664,0.0,0.0
2016-06-29,,,,,0.001,3.665,0.0,0.0
2016-06-30,,,,,0.014,3.679,0.0,0.0
2016-07-01,,,,,0.001,3.68,0.0,0.0
2016-07-05,,,,,0.002,3.678,0.0,0.0
2016-07-06,,,,,0.022,3.7,0.0,0.0
2016-07-07,,,,,0.002,3.698,0.0,0.0
2016-07-08,,,,,0.008,3.69,0.0,0.0
2016-07-11,,,,,0.004,3.686,0.0,0.0
2016-07-12,,,,,0.014,3.672,0.0,0.0
2016-07-13,,,,,0.02,3.692,0.0,0.0
2016-07-14,,,,,,3.692,0.0,0.0
2016-07-15,,,,,0.014,3.678,0.0,0.0
2016-07-18,,,,,0.012,3.666,0.0,0.0
2016-07-19,,,,,0.01,3.656,0.0,0.0
2016-07-20,,,,,0.011,3.645,0.0,0.0
2016-07-21,,,,,0.005,3.65,0.0,0.0
2016-07-22,,,,,0.004,3.654,0.0,0.0
2016-07-25,,,,,0.006,3.66,0.0,0.0
2016-07-26,,,,,0.002,3.658,0.0,0.0
2016-07-27,,,,,0.007,3.651,0.0,0.0
2016-07-28,,,,,0.013,3.664,0.0,0.0
2016-07-29,,,,,,3.664,0.0,0.0
2016-08-01,,,,,0.006,3.658,0.0,0.0
2016-08-02,,,,,0.004,3.662,0.0,0.0
2016-08-03,,,,,0.014,3.676,0.0,0.0
2016-08-04,,,,,0.022,3.698,0.0,0.0
2016-08-05,,,,,0.002,3.7,0.0,0.0
2016-08-08,,,,,0.001,3.699,0.0,0.0
2016-08-09,,,,,0.001,3.698,0.0,0.0
2016-08-10,,,,,0.019,3.679,0.0,0.0
2016-08-11,,,,,0.011,3.668,0.0,0.0
2016-08-12,,,,,0.003,3.665,0.0,0.0
2016-08-15,,,,,0.006,3.659,0.0,0.0
2016-08-16,,,,,0.008,3.667,0.0,0.0
2016-08-17,,,,,0.037,3.704,0.0,0.0
2016-08-18,,,,,0.002,3.702,0.0,0.0
2016-08-19,,,,,0.008,3.71,0.0,0.0
2016-08-22,,,,,,3.71,0.0,0.0
2016-08-23,,,,,0.023,3.733,0.0,0.0
2016-08-24,,,,,0.024,3.757,0.0,0.0
2016-08-25,,,,,0.052,3.705,0.0,0.0
2016-08-26,,,,,0.029,3.676,0.0,0.0
2016-08-29,,,,,0.017,3.659,0.0,0.0
2016-08-30,,,,,0.01,3.649,0.0,0.0
2016-08-31,,,,,0.02,3.669,0.0,0.0
2016-09-01,,,,,0.032,3.637,0.0,0.0
2016-09-02,,,,,0.012,3.625,0.0,0.0
2016-09-06,,,,,0.001,3.626,0.0,0.0
2016-09-07,,,,,0.024,3.602,0.0,0.0
2016-09-08,,,,,0.004,3.598,0.0,0.0
2016-09-09,,,,,0.035,3.563,0.0,0.0
2016-09-12,,,,,0.002,3.565,0.0,0.0
2016-09-13,,,,,0.022,3.543,0.0,0.0
2016-09-14,,,,,0.017,3.56,0.0,0.0
2016-09-15,,,,,0.001,3.559,0.0,0.0
2016-09-16,,,,,0.024,3.535,0.0,0.0
2016-09-19,,,,,0.022,3.513,0.0,0.0
2016-09-20,,,,,0.01,3.523,0.0,0.0
2016-09-21,,,,,0.015,3.538,0.0,0.0
2016-09-22,,,,,0.028,3.51,0.0,0.0
2016-09-23,,,,,0.009,3.519,0.0,0.0
2016-09-26,,,,,0.019,3.538,0.0,0.0
2016-09-27,,,,,0.028,3.51,0.0,0.0
2016-09-28,,,,,0.026,3.484,0.0,0.0
2016-09-29,,,,,0.041,3.443,0.0,0.0
2016-09-30,,,,,0.004,3.439,0.0,0.0
2016-10-03,,,,,0.002,3.437,0.0,0.0
2016-10-04,,,,,0.026,3.411,0.0,0.0
2016-10-05,,,,,0.029,3.44,0.0,0.0
2016-10-06,,,,,,3.44,0.0,0.0
2016-10-07,,,,,0.014,3.454,0.0,0.0
2016-10-10,,,,,0.009,3.445,0.0,0.0
2016-10-11,,,,,0.082,3.527,0.0,0.0
2016-10-12,,,,,0.036,3.491,0.0,0.0
2016-10-13,,,,,0.01,3.501,0.0,0.0
2016-10-14,,,,,0.003,3.498,0.0,0.0
2016-10-17,,,,,0.007,3.505,0.0,0.0
2016-10-18,,,,,0.003,3.508,0.0,0.0
2016-10-19,,,,,0.008,3.5,0.0,0.0
2016-10-20,,,,,,3.5,0.0,0.0
2016-10-21,,,,,0.001,3.499,0.0,0.0
2016-10-24,,,,,0.005,3.494,0.0,0.0
2016-10-25,,,,,0.01,3.484,0.0,0.0
2016-10-26,,,,,0.008,3.492,0.0,0.0
2016-10-27,,,,,0.015,3.507,0.0,0.0
2016-10-28,,,,,0.001,3.508,0.0,0.0
2016-10-31,,,,,0.007,3.501,0.0,0.0
2016-11-01,,,,,0.002,3.503,0.0,0.0
2016-11-02,,,,,0.02,3.483,0.0,0.0
2016-11-03,,,,,0.002,3.485,0.0,0.0
2016-11-04,,,,,0.022,3.463,0.0,0.0
2016-11-07,,,,,0.005,3.468,0.0,0.0
2016-11-08,,,,,0.002,3.466,0.0,0.0
2016-11-09,,,,,0.009,3.457,0.0,0.0
2016-11-10,,,,,0.002,3.455,0.0,0.0
2016-11-11,,,,,0.002,3.457,0.0,0.0
2016-11-14,,,,,0.019,3.438,0.0,0.0
2016-11-15,,,,,0.03,3.408,0.0,0.0
2016-11-16,,,,,0.009,3.417,0.0,0.0
2016-11-17,,,,,0.005,3.422,0.0,0.0
2016-11-18,,,,,0.01,3.432,0.0,0.0
2016-11-21,,,,,0.024,3.408,0.0,0.0
2016-11-22,,,,,0.028,3.38,0.0,0.0
2016-11-23,,,,,0.012,3.368,0.0,0.0
2016-11-25,,,,,0.001,3.367,0.0,0.0
2016-11-28,,,,,0.042,3.325,0.0,0.0
2016-11-29,,,,,0.046,3.279,0.0,0.0
2016-11-30,,,,,0.021,3.258,0.0,0.0
2016-12-01,,,,,0.046,3.304,0.0,0.0
2016-12-02,,,,,0.01,3.294,0.0,0.0
2016-12-05,,,,,0.005,3.289,0.0,0.0
2016-12-06,,,,,0.005,3.284,0.0,0.0
2016-12-07,,,,,0.02,3.304,0.0,0.0
2016-12-08,,,,,0.034,3.338,0.0,0.0
2016-12-09,,,,,0.03,3.308,0.0,0.0
2016-12-12,,,,,0.016,3.292,0.0,0.0
2016-12-13,,,,,0.02,3.272,0.0,0.0
2016-12-14,,,,,0.037,3.235,0.0,0.0
2016-12-15,,,,,0.01,3.245,0.0,0.0
2016-12-16,,,,,0.004,3.241,0.0,0.0
2016-12-19,,,,,0.008,3.249,0.0,0.0
2016-12-20,,,,,0.016,3.233,0.0,0.0
2016-12-21,,,,,0.009,3.242,0.0,0.0
2016-12-22,,,,,0.034,3.208,0.0,0.0
2016-12-23,,,,,0.005,3.203,0.0,0.0
2016-12-27,,,,,0.012,3.215,0.0,0.0
2016-12-28,,,,,0.013,3.228,0.0,0.0
2016-12-29,,,,,0.007,3.235,0.0,0.0
2016-12-30,,,,,0.003,3.238,0.0,0.0
2017-01-03,,,,,0.014,3.224,0.0,0.0
2017-01-04,,,,,,3.224,0.0,0.0
2017-01-05,,,,,0.015,3.239,0.0,0.0
2017-01-06,,,,,0.004,3.235,0.0,0.0
2017-01-09,,,,,0.017,3.218,0.0,0.0
2017-01-10,,,,,0.015,3.233,0.0,0.0
2017-01-11,,,,,0.032,3.201,0.0,0.0
2017-01-12,,,,,,3.201,0.0,0.0
2017-01-13,,,,,0.033,3.168,0.0,0.0
2017-01-17,,,,,0.002,3.17,0.0,0.0
2017-01-18,,,,,0.003,3.167,0.0,0.0
2017-01-19,,,,,0.004,3.171,0.0,0.0
2017-01-20,,,,,0.012,3.183,0.0,0.0
2017-01-23,,,,,0.002,3.185,0.0,0.0
2017-01-24,,,,,0.013,3.172,0.0,0.0
2017-01-25,,,,,0.009,3.163,0.0,0.0
2017-01-26,,,,,0.005,3.168,0.0,0.0
2017-01-27,,,,,0.013,3.155,0.0,0.0
2017-01-30,,,,,0.004,3.159,0.0,0.0
2017-01-31,,,,,0.001,3.16,0.0,0.0
2017-02-01,,,,,0.015,3.145,0.0,0.0
2017-02-02,,,,,0.003,3.148,0.0,0.0
2017-02-03,,,,,0.017,3.131,0.0,0.0
2017-02-06,,,,,0.006,3.125,0.0,0.0
2017-02-07,,,,,0.018,3.143,0.0,0.0
2017-02-08,,,,,0.011,3.154,0.0,0.0
2017-02-09,,,,,0.007,3.147,0.0,0.0
2017-02-10,,,,,0.02,3.127,0.0,0.0
2017-02-13,,,,,0.011,3.116,0.0,0.0
2017-02-14,,,,,0.002,3.114,0.0,0.0
2017-02-15,,,,,0.002,3.116,0.0,0.0
2017-02-16,,,,,0.014,3.13,0.0,0.0
2017-02-17,,,,,0.001,3.131,0.0,0.0
2017-02-21,,,,,0.017,3.114,0.0,0.0
2017-02-22,,,,,0.005,3.119,0.0,0.0
2017-02-23,,,,,0.003,3.122,0.0,0.0
2017-02-24,,,,,0.016,3.106,0.0,0.0
2017-02-27,,,,,0.003,3.109,0.0,0.0
2017-02-28,,,,,0.004,3.113,0.0,0.0
2017-03-01,,,,,0.015,3.128,0.0,0.0
2017-03-02,,,,,0.004,3.124,0.0,0.0
2017-03-03,,,,,0.016,3.14,0.0,0.0
2017-03-06,,,,,0.001,3.139,0.0,0.0
2017-03-07,,,,,0.005,3.134,0.0,0.0
2017-03-08,,,,,0.005,3.129,0.0,0.0
2017-03-09,,,,,0.007,3.122,0.0,0.0
2017-03-10,,,,,0.013,3.109,0.0,0.0
2017-03-13,,,,,0.006,3.103,0.0,0.0
2017-03-14,,,,,0.001,3.102,0.0,0.0
2017-03-15,,,,,0.014,3.116,0.0,0.0
2017-03-16,,,,,0.026,3.142,0.0,0.0
2017-03-17,,,,,0.002,3.14,0.0,0.0
2017-03-20,,,,,0.008,3.148,0.0,0.0
2017-03-21,,,,,0.006,3.154,0.0,0.0
2017-03-22,,,,,0.008,3.146,0.0,0.0
2017-03-23,,,,,0.001,3.145,0.0,0.0
2017-03-24,,,,,0.03,3.115,0.0,0.0
2017-03-27,,,,,0.005,3.11,0.0,0.0
2017-03-28,,,,,0.014,3.096,0.0,0.0
2017-03-29,,,,,0.017,3.113,0.0,0.0
2017-03-30,,,,,0.001,3.114,0.0,0.0
2017-03-31,,,,,0.007,3.107,0.0,0.0
2017-04-03,,,,,0.007,3.114,0.0,0.0
2017-04-04,,,,,0.005,3.109,0.0,0.0
2017-04-05,,,,,0.035,3.144,0.0,0.0
