Date,Open,High,Low,Settle,Change,Wave,Volume,Open Interest,EFP Volume,EFS Volume,Block Volume
2009-10-13,0.0,0.0,0.0,735.25,735.25,,0.0,0.0,,,
2009-10-14,0.0,0.0,0.0,743.25,8.0,,0.0,0.0,,,
2009-10-15,0.0,0.0,0.0,750.25,7.0,,0.0,0.0,,,
2009-10-16,0.0,0.0,0.0,758.0,7.75,,0.0,0.0,,,
2009-10-19,0.0,0.0,0.0,763.0,5.0,,0.0,0.0,,,
2009-10-20,0.0,0.0,0.0,768.0,5.0,,0.0,0.0,,,
2009-10-21,0.0,0.0,0.0,778.25,10.25,,0.0,0.0,,,
2009-10-22,0.0,0.0,0.0,782.5,4.25,,0.0,0.0,,,
2009-10-23,0.0,0.0,0.0,777.0,-5.5,,0.0,0.0,,,
2009-10-26,0.0,0.0,0.0,773.5,-3.5,,0.0,0.0,,,
2009-10-27,0.0,0.0,0.0,775.25,1.75,,0.0,0.0,,,
2009-10-28,0.0,0.0,0.0,759.5,-15.75,,0.0,0.0,,,
2009-10-29,0.0,0.0,0.0,777.0,17.5,,0.0,0.0,,,
2009-10-30,0.0,0.0,0.0,760.75,-16.25,,0.0,0.0,,,
2009-11-02,0.0,0.0,0.0,765.25,4.5,,0.0,0.0,,,
2009-11-03,0.0,0.0,0.0,766.0,0.75,,0.0,0.0,,,
2009-11-04,0.0,0.0,0.0,781.25,15.25,,0.0,0.0,,,
2009-11-05,0.0,0.0,0.0,780.75,-0.5,,0.0,0.0,,,
2009-11-06,0.0,0.0,0.0,754.25,-26.5,,0.0,0.0,,,
2009-11-09,0.0,0.0,0.0,772.5,18.25,,0.0,0.0,,,
2009-11-10,0.0,0.0,0.0,770.5,-2.0,,0.0,0.0,,,
2009-11-11,0.0,0.0,0.0,769.25,-1.25,,0.0,0.0,,,
2009-11-12,0.0,0.0,0.0,755.0,-14.25,,0.0,0.0,,,
2009-11-13,0.0,0.0,0.0,751.5,-3.5,,0.0,0.0,,,
2009-11-16,0.0,0.0,0.0,768.75,17.25,,0.0,0.0,,,
2009-11-17,0.0,0.0,0.0,772.0,3.25,,0.0,0.0,,,
2009-11-18,0.0,0.0,0.0,784.0,12.0,,0.0,0.0,,,
2009-11-19,0.0,0.0,0.0,769.0,-15.0,,0.0,0.0,,,
2009-11-20,0.0,0.0,0.0,763.0,-6.0,,0.0,0.0,,,
2009-11-23,0.0,0.0,0.0,777.75,14.75,,0.0,0.0,,,
2009-11-24,0.0,0.0,0.0,755.0,-22.75,,0.0,0.0,,,
2009-11-25,0.0,0.0,0.0,763.75,8.75,,0.0,0.0,,,
2009-11-26,0.0,0.0,0.0,765.25,1.5,,0.0,0.0,,,
2009-11-27,0.0,0.0,0.0,760.5,-4.75,,0.0,0.0,,,
2009-11-30,0.0,0.0,0.0,770.0,9.5,,0.0,0.0,,,
2009-12-01,0.0,0.0,0.0,787.75,17.75,,0.0,0.0,,,
2009-12-02,0.0,0.0,0.0,773.25,-14.5,,0.0,0.0,,,
2009-12-03,0.0,0.0,0.0,781.25,8.0,,0.0,0.0,,,
2009-12-04,0.0,0.0,0.0,783.5,2.25,,0.0,0.0,,,
2009-12-07,0.0,0.0,0.0,771.5,-12.0,,0.0,0.0,,,
2009-12-08,0.0,0.0,0.0,762.75,-8.75,,0.0,0.0,,,
2009-12-09,0.0,0.0,0.0,754.75,-8.0,,0.0,0.0,,,
2009-12-10,0.0,0.0,0.0,738.75,-16.0,,0.0,0.0,,,
2009-12-11,0.0,0.0,0.0,732.25,-6.5,,0.0,0.0,,,
2009-12-14,0.0,0.0,0.0,737.25,5.0,,0.0,0.0,,,
2009-12-15,0.0,0.0,0.0,738.5,1.25,,0.0,0.0,,,
2009-12-16,0.0,0.0,0.0,749.5,11.0,,0.0,0.0,,,
2009-12-17,0.0,0.0,0.0,736.5,-13.0,,0.0,0.0,,,
2009-12-18,0.0,0.0,0.0,739.25,2.75,,0.0,0.0,,,
2009-12-21,0.0,0.0,0.0,746.0,6.75,,0.0,0.0,,,
2009-12-22,0.0,0.0,0.0,732.75,-13.25,,0.0,0.0,,,
2009-12-23,0.0,0.0,0.0,752.5,19.75,,0.0,0.0,,,
2009-12-24,0.0,0.0,0.0,747.25,-5.25,,0.0,0.0,,,
2009-12-28,0.0,0.0,0.0,767.75,,,0.0,0.0,,,
2009-12-29,0.0,0.0,0.0,765.0,-2.75,,0.0,0.0,,,
2009-12-30,0.0,0.0,0.0,767.75,2.75,,0.0,0.0,,,
2009-12-31,0.0,0.0,0.0,766.0,-1.75,,0.0,0.0,,,
2010-01-04,0.0,0.0,0.0,779.5,,,0.0,0.0,,,
2010-01-05,0.0,0.0,0.0,779.5,0.0,,0.0,0.0,,,
2010-01-06,0.0,0.0,0.0,787.5,8.0,,0.0,0.0,,,
2010-01-07,0.0,0.0,0.0,787.5,0.0,,0.0,0.0,,,
2010-01-08,0.0,0.0,0.0,782.0,-5.5,,0.0,0.0,,,
2010-01-11,0.0,0.0,0.0,782.25,0.25,,0.0,0.0,,,
2010-01-12,0.0,0.0,0.0,777.5,-4.75,,0.0,0.0,,,
2010-01-13,0.0,0.0,0.0,759.75,-17.75,,0.0,0.0,,,
2010-01-14,0.0,0.0,0.0,764.0,4.25,,0.0,0.0,,,
2010-01-15,0.0,0.0,0.0,759.25,-4.75,,0.0,0.0,,,
2010-01-18,0.0,0.0,0.0,753.5,-5.75,,0.0,0.0,,,
2010-01-19,0.0,0.0,0.0,745.25,-8.25,,0.0,0.0,,,
2010-01-20,0.0,0.0,0.0,746.25,1.0,,0.0,0.0,,,
2010-01-21,0.0,0.0,0.0,743.0,-3.25,,0.0,0.0,,,
2010-01-22,0.0,0.0,0.0,729.75,-13.25,,0.0,0.0,,,
2010-01-25,0.0,0.0,0.0,726.0,-3.75,,0.0,0.0,,,
2010-01-26,0.0,0.0,0.0,726.0,0.0,,0.0,0.0,,,
2010-01-27,0.0,0.0,0.0,724.25,-1.75,,0.0,0.0,,,
2010-01-28,0.0,0.0,0.0,713.0,-11.25,,0.0,0.0,,,
2010-01-29,0.0,0.0,0.0,715.5,2.5,,0.0,0.0,,,
2010-02-01,0.0,0.0,0.0,716.75,1.25,,0.0,0.0,,,
2010-02-02,0.0,0.0,0.0,731.75,15.0,,0.0,0.0,,,
2010-02-03,0.0,0.0,0.0,741.75,10.0,,0.0,0.0,,,
2010-02-04,0.0,0.0,0.0,717.5,-24.25,,0.0,0.0,,,
2010-02-05,0.0,0.0,0.0,702.75,-14.75,,0.0,0.0,,,
2010-02-08,0.0,0.0,0.0,695.25,-7.5,,0.0,0.0,,,
2010-02-09,0.0,0.0,0.0,699.5,4.25,,0.0,0.0,,,
2010-02-10,0.0,0.0,0.0,702.5,3.0,,0.0,0.0,,,
2010-02-11,0.0,0.0,0.0,713.25,10.75,,0.0,0.0,,,
2010-02-12,0.0,0.0,0.0,702.75,-10.5,,0.0,0.0,,,
2010-02-15,0.0,0.0,0.0,703.75,1.0,,0.0,0.0,,,
2010-02-16,0.0,0.0,0.0,729.0,25.25,,0.0,0.0,,,
2010-02-17,0.0,0.0,0.0,727.5,-1.5,,0.0,0.0,,,
2010-02-18,0.0,0.0,0.0,736.25,8.75,,0.0,0.0,,,
2010-02-19,0.0,0.0,0.0,736.0,-0.25,,0.0,0.0,,,
2010-02-22,0.0,0.0,0.0,739.0,3.0,,0.0,0.0,,,
2010-02-23,0.0,0.0,0.0,732.75,-6.25,,0.0,0.0,,,
2010-02-24,0.0,0.0,0.0,734.75,2.0,,0.0,0.0,,,
2010-02-25,0.0,0.0,0.0,716.25,-18.5,,0.0,0.0,,,
2010-02-26,0.0,0.0,0.0,728.0,11.75,,0.0,0.0,,,
2010-03-01,0.0,0.0,0.0,729.25,1.25,,0.0,0.0,,,
2010-03-02,0.0,0.0,0.0,729.0,-0.25,,0.0,0.0,,,
2010-03-03,0.0,0.0,0.0,734.25,5.25,,0.0,0.0,,,
2010-03-04,0.0,0.0,0.0,734.25,0.0,,0.0,0.0,,,
2010-03-05,0.0,0.0,0.0,745.5,11.25,,0.0,0.0,,,
2010-03-08,0.0,0.0,0.0,743.75,-1.75,,0.0,0.0,,,
2010-03-09,0.0,0.0,0.0,743.25,-0.5,,0.0,0.0,,,
2010-03-10,0.0,0.0,0.0,751.25,8.0,,0.0,0.0,,,
2010-03-11,0.0,0.0,0.0,744.5,-6.75,,0.0,0.0,,,
2010-03-12,0.0,0.0,0.0,740.5,-4.0,,0.0,0.0,,,
2010-03-15,0.0,0.0,0.0,719.0,-21.5,,0.0,0.0,,,
2010-03-16,0.0,0.0,0.0,730.25,11.25,,0.0,0.0,,,
2010-03-17,0.0,0.0,0.0,736.0,5.75,,0.0,0.0,,,
2010-03-18,0.0,0.0,0.0,736.25,0.25,,0.0,0.0,,,
2010-03-19,0.0,0.0,0.0,725.5,-10.75,,0.0,0.0,,,
2010-03-22,0.0,0.0,0.0,730.75,5.25,,0.0,0.0,,,
2010-03-23,0.0,0.0,0.0,736.5,5.75,,0.0,0.0,,,
2010-03-24,0.0,0.0,0.0,730.5,-6.0,,0.0,0.0,,,
2010-03-25,0.0,0.0,0.0,733.75,3.25,,0.0,0.0,,,
2010-03-26,0.0,0.0,0.0,724.0,-9.75,,0.0,0.0,,,
2010-03-29,0.0,0.0,0.0,742.0,18.0,,0.0,0.0,,,
2010-03-30,0.0,0.0,0.0,738.25,-3.75,,0.0,0.0,,,
2010-03-31,0.0,0.0,0.0,744.25,6.0,,0.0,0.0,,,
2010-04-01,0.0,0.0,0.0,759.0,14.75,,0.0,0.0,,,
2010-04-02,0.0,0.0,0.0,759.0,,,0.0,0.0,,,
2010-04-05,0.0,0.0,0.0,776.0,,,0.0,0.0,,,
2010-04-06,0.0,0.0,0.0,782.0,6.0,,0.0,0.0,,,
2010-04-07,0.0,0.0,0.0,780.75,-1.25,,0.0,0.0,,,
2010-04-08,0.0,0.0,0.0,777.0,-3.75,,0.0,0.0,,,
2010-04-09,0.0,0.0,0.0,779.5,2.5,,0.0,0.0,,,
2010-04-12,0.0,0.0,0.0,788.25,8.75,,0.0,0.0,,,
2010-04-13,0.0,0.0,0.0,780.0,-8.25,,0.0,0.0,,,
2010-04-14,0.0,0.0,0.0,791.0,11.0,,0.0,0.0,,,
2010-04-15,0.0,0.0,0.0,792.5,1.5,,0.0,0.0,,,
2010-04-16,0.0,0.0,0.0,786.75,-5.75,,0.0,0.0,,,
2010-04-19,0.0,0.0,0.0,776.0,-10.75,,0.0,0.0,,,
2010-04-20,0.0,0.0,0.0,787.5,11.5,,0.0,0.0,,,
2010-04-21,0.0,0.0,0.0,788.75,1.25,,0.0,0.0,,,
2010-04-22,0.0,0.0,0.0,795.5,6.75,,0.0,0.0,,,
2010-04-23,0.0,0.0,0.0,803.75,8.25,,0.0,0.0,,,
2010-04-26,0.0,0.0,0.0,803.5,-0.25,,0.0,0.0,,,
2010-04-27,0.0,0.0,0.0,805.5,2.0,,0.0,0.0,,,
2010-04-28,0.0,0.0,0.0,796.25,-9.25,,0.0,0.0,,,
2010-04-29,0.0,0.0,0.0,812.25,16.0,,0.0,0.0,,,
2010-04-30,0.0,0.0,0.0,813.0,0.75,,0.0,0.0,,,
2010-05-03,0.0,0.0,0.0,827.0,14.0,,0.0,0.0,,,
2010-05-04,0.0,0.0,0.0,811.25,-15.75,,0.0,0.0,,,
2010-05-05,0.0,0.0,0.0,793.75,-17.5,,0.0,0.0,,,
2010-05-06,0.0,0.0,0.0,782.25,-11.5,,0.0,0.0,,,
2010-05-07,0.0,0.0,0.0,760.5,-21.75,,0.0,0.0,,,
2010-05-10,0.0,0.0,0.0,774.5,14.0,,0.0,0.0,,,
2010-05-11,0.0,0.0,0.0,783.75,9.25,,0.0,0.0,,,
2010-05-12,0.0,0.0,0.0,778.5,-5.25,,0.0,0.0,,,
2010-05-13,0.0,0.0,0.0,781.25,2.75,,0.0,0.0,,,
2010-05-14,0.0,0.0,0.0,759.75,-21.5,,0.0,0.0,,,
2010-05-17,0.0,0.0,0.0,734.5,-25.25,,0.0,0.0,,,
2010-05-18,0.0,0.0,0.0,734.5,0.0,,0.0,0.0,,,
2010-05-19,0.0,0.0,0.0,713.0,-21.5,,0.0,0.0,,,
2010-05-20,0.0,0.0,0.0,695.5,-17.5,,0.0,0.0,,,
2010-05-21,0.0,0.0,0.0,701.5,6.0,,0.0,0.0,,,
2010-05-24,0.0,0.0,0.0,698.0,-3.5,,0.0,0.0,,,
2010-05-25,0.0,0.0,0.0,686.25,-11.75,,0.0,0.0,,,
2010-05-26,0.0,0.0,0.0,700.5,14.25,,0.0,0.0,,,
2010-05-27,0.0,0.0,0.0,720.5,20.0,,0.0,0.0,,,
2010-05-28,0.0,0.0,0.0,724.75,4.25,,0.0,0.0,,,
2010-05-31,0.0,0.0,0.0,725.75,1.0,,0.0,0.0,,,
2010-06-01,0.0,0.0,0.0,731.25,5.5,,0.0,0.0,,,
2010-06-02,0.0,0.0,0.0,732.5,1.25,,0.0,0.0,,,
2010-06-03,0.0,0.0,0.0,734.75,2.25,,0.0,0.0,,,
2010-06-04,0.0,0.0,0.0,721.75,-13.0,,0.0,0.0,,,
2010-06-07,0.0,0.0,0.0,716.5,-5.25,,0.0,0.0,,,
2010-06-08,0.0,0.0,0.0,718.25,1.75,,0.0,0.0,,,
2010-06-09,0.0,0.0,0.0,732.75,14.5,,0.0,0.0,,,
2010-06-10,0.0,0.0,0.0,736.5,3.75,,0.0,0.0,,,
2010-06-11,0.0,0.0,0.0,730.75,-5.75,,0.0,0.0,,,
2010-06-14,0.0,0.0,0.0,742.25,11.5,,0.0,0.0,,,
2010-06-15,0.0,0.0,0.0,738.5,-3.75,,0.0,0.0,,,
2010-06-16,0.0,0.0,0.0,743.75,5.25,,0.0,0.0,,,
2010-06-17,0.0,0.0,0.0,754.75,11.0,,0.0,0.0,,,
2010-06-18,0.0,0.0,0.0,754.0,-0.75,,0.0,0.0,,,
2010-06-21,0.0,0.0,0.0,761.5,7.5,,0.0,0.0,,,
2010-06-22,0.0,0.0,0.0,758.75,-2.75,,0.0,0.0,,,
2010-06-23,0.0,0.0,0.0,738.75,-20.0,,0.0,0.0,,,
2010-06-24,0.0,0.0,0.0,733.25,-5.5,,0.0,0.0,,,
2010-06-25,0.0,0.0,0.0,738.25,5.0,,0.0,0.0,,,
2010-06-28,0.0,0.0,0.0,746.25,8.0,,0.0,0.0,,,
2010-06-29,0.0,0.0,0.0,729.25,-17.0,,0.0,0.0,,,
2010-06-30,0.0,0.0,0.0,726.5,-2.75,,0.0,0.0,,,
2010-07-01,0.0,0.0,0.0,702.5,-24.0,,0.0,0.0,,,
2010-07-02,0.0,0.0,0.0,699.0,-3.5,,0.0,0.0,,,
2010-07-05,0.0,0.0,0.0,696.25,-2.75,,0.0,0.0,,,
2010-07-06,0.0,0.0,0.0,710.5,14.25,,0.0,0.0,,,
2010-07-07,0.0,0.0,0.0,713.0,2.5,,0.0,0.0,,,
2010-07-08,0.0,0.0,0.0,727.5,14.5,,0.0,0.0,,,
2010-07-09,0.0,0.0,0.0,729.0,1.5,,0.0,0.0,,,
2010-07-12,0.0,0.0,0.0,719.25,-9.75,,0.0,0.0,,,
2010-07-13,0.0,0.0,0.0,734.5,15.25,,0.0,0.0,,,
2010-07-14,0.0,0.0,0.0,734.0,-0.5,,0.0,0.0,,,
2010-07-15,0.0,0.0,0.0,720.75,-13.25,,0.0,0.0,,,
2010-07-16,0.0,0.0,0.0,721.75,1.0,,0.0,0.0,,,
2010-07-19,0.0,0.0,0.0,730.75,9.0,,0.0,0.0,,,
2010-07-20,0.0,0.0,0.0,729.75,-1.0,,0.0,0.0,,,
2010-07-21,0.0,0.0,0.0,724.0,-5.75,,0.0,0.0,,,
2010-07-22,0.0,0.0,0.0,740.0,16.0,,0.0,0.0,,,
2010-07-23,0.0,0.0,0.0,737.25,-2.75,,0.0,0.0,,,
2010-07-26,0.0,0.0,0.0,740.75,3.5,,0.0,0.0,,,
2010-07-27,0.0,0.0,0.0,728.25,-12.5,,0.0,0.0,,,
2010-07-28,0.0,0.0,0.0,727.75,-0.5,,0.0,0.0,,,
2010-07-29,0.0,0.0,0.0,738.75,11.0,,0.0,0.0,,,
2010-07-30,0.0,0.0,0.0,736.5,-2.25,,0.0,0.0,,,
2010-08-02,0.0,0.0,0.0,765.0,28.5,,0.0,0.0,,,
2010-08-03,0.0,0.0,0.0,773.25,8.25,,0.0,0.0,,,
2010-08-04,0.0,0.0,0.0,776.75,3.5,,0.0,0.0,,,
2010-08-05,0.0,0.0,0.0,771.25,-5.5,,0.0,0.0,,,
2010-08-06,0.0,0.0,0.0,766.25,-5.0,,0.0,0.0,,,
2010-08-09,0.0,0.0,0.0,769.25,3.0,,0.0,0.0,,,
2010-08-10,0.0,0.0,0.0,760.5,-8.75,,0.0,0.0,,,
2010-08-11,0.0,0.0,0.0,744.0,-16.5,,0.0,0.0,,,
2010-08-12,0.0,0.0,0.0,732.75,-11.25,,0.0,0.0,,,
2010-08-13,0.0,0.0,0.0,720.25,-12.5,,0.0,0.0,,,
2010-08-16,0.0,0.0,0.0,718.75,-1.5,,0.0,0.0,,,
2010-08-17,0.0,0.0,0.0,735.75,17.0,,0.0,0.0,,,
2010-08-18,0.0,0.0,0.0,725.5,-10.25,,0.0,0.0,,,
2010-08-19,0.0,0.0,0.0,721.75,-3.75,,0.0,0.0,,,
2010-08-20,0.0,0.0,0.0,711.75,-10.0,,0.0,0.0,,,
2010-08-23,0.0,0.0,0.0,708.75,-3.0,,0.0,0.0,,,
2010-08-24,0.0,0.0,0.0,703.5,-5.25,,0.0,0.0,,,
2010-08-25,0.0,0.0,0.0,705.0,1.5,,0.0,0.0,,,
2010-08-26,0.0,0.0,0.0,726.25,21.25,,0.0,0.0,,,
2010-08-27,0.0,0.0,0.0,730.75,4.5,,0.0,0.0,,,
2010-08-30,0.0,0.0,0.0,732.75,2.0,,0.0,0.0,,,
2010-08-31,0.0,0.0,0.0,728.5,-4.25,,0.0,0.0,,,
2010-09-01,0.0,0.0,0.0,732.5,4.0,,0.0,0.0,,,
2010-09-02,0.0,0.0,0.0,727.5,-5.0,,0.0,0.0,,,
2010-09-03,0.0,0.0,0.0,726.25,-1.25,,0.0,0.0,,,
2010-09-06,0.0,0.0,0.0,734.75,8.5,,0.0,0.0,,,
2010-09-07,0.0,0.0,0.0,730.5,-4.25,,0.0,0.0,,,
2010-09-08,0.0,0.0,0.0,743.25,12.75,,0.0,0.0,,,
2010-09-09,0.0,0.0,0.0,743.75,0.5,,0.0,0.0,,,
2010-09-10,0.0,0.0,0.0,736.75,-7.0,,0.0,0.0,,,
2010-09-13,0.0,0.0,0.0,743.75,7.0,,0.0,0.0,,,
2010-09-14,0.0,0.0,0.0,745.75,2.0,,0.0,0.0,,,
2010-09-15,0.0,0.0,0.0,742.5,-3.25,,0.0,0.0,,,
2010-09-16,0.0,0.0,0.0,742.0,-0.5,,0.0,0.0,,,
2010-09-17,0.0,0.0,0.0,729.25,-12.75,,0.0,0.0,,,
2010-09-20,0.0,0.0,0.0,740.5,11.25,,0.0,0.0,,,
2010-09-21,0.0,0.0,0.0,735.5,-5.0,,0.0,0.0,,,
2010-09-22,0.0,0.0,0.0,729.5,-6.0,,0.0,0.0,,,
2010-09-23,0.0,0.0,0.0,733.0,3.5,,0.0,0.0,,,
2010-09-24,0.0,0.0,0.0,738.25,5.25,,0.0,0.0,,,
2010-09-27,0.0,0.0,0.0,728.75,-9.5,,0.0,0.0,,,
2010-09-28,0.0,0.0,0.0,740.25,11.5,,0.0,0.0,,,
2010-09-29,0.0,0.0,0.0,744.0,3.75,,0.0,0.0,,,
2010-09-30,0.0,0.0,0.0,758.25,14.25,,0.0,0.0,,,
2010-10-01,0.0,0.0,0.0,771.75,13.5,,0.0,0.0,,,
2010-10-04,0.0,0.0,0.0,776.25,4.5,,0.0,0.0,,,
2010-10-05,0.0,0.0,0.0,778.25,2.0,,0.0,0.0,,,
2010-10-06,0.0,0.0,0.0,786.25,8.0,,0.0,0.0,,,
2010-10-07,0.0,0.0,0.0,774.0,-12.25,,0.0,0.0,,,
2010-10-08,0.0,0.0,0.0,775.75,1.75,,0.0,0.0,,,
2010-10-11,0.0,0.0,0.0,773.25,-2.5,,0.0,0.0,,,
2010-10-12,0.0,0.0,0.0,771.0,-2.25,,0.0,0.0,,,
2010-10-13,0.0,0.0,0.0,780.0,9.0,,0.0,0.0,,,
2010-10-14,0.0,0.0,0.0,777.0,-3.0,,0.0,0.0,,,
2010-10-15,0.0,0.0,0.0,766.25,-10.75,,0.0,0.0,,,
2010-10-18,0.0,0.0,0.0,770.0,3.75,,0.0,0.0,,,
2010-10-19,0.0,0.0,0.0,759.5,-10.5,,0.0,0.0,,,
2010-10-20,0.0,0.0,0.0,763.5,4.0,,0.0,0.0,,,
2010-10-21,0.0,0.0,0.0,761.25,-2.25,,0.0,0.0,,,
2010-10-22,0.0,0.0,0.0,758.0,-3.25,,0.0,0.0,,,
2010-10-25,0.0,0.0,0.0,767.5,9.5,,0.0,0.0,,,
2010-10-26,0.0,0.0,0.0,766.75,-0.75,,0.0,0.0,,,
2010-10-27,0.0,0.0,0.0,753.75,-13.0,,0.0,0.0,,,
2010-10-28,0.0,0.0,0.0,765.5,11.75,,0.0,0.0,,,
2010-10-29,0.0,0.0,0.0,760.0,-5.5,,0.0,0.0,,,
2010-11-01,0.0,0.0,0.0,770.5,10.5,,0.0,0.0,,,
2010-11-02,0.0,0.0,0.0,774.5,4.0,,0.0,0.0,,,
2010-11-03,0.0,0.0,0.0,778.25,3.75,,0.0,0.0,,,
2010-11-04,0.0,0.0,0.0,789.0,10.75,,0.0,0.0,,,
2010-11-05,0.0,0.0,0.0,786.75,-2.25,,0.0,0.0,,,
2010-11-08,0.0,0.0,0.0,792.0,5.25,,0.0,0.0,,,
2010-11-09,0.0,0.0,0.0,796.5,4.5,,0.0,0.0,,,
2010-11-10,0.0,0.0,0.0,794.25,-2.25,,0.0,0.0,,,
2010-11-11,0.0,0.0,0.0,796.25,2.0,,0.0,0.0,,,
2010-11-12,0.0,0.0,0.0,783.25,-13.0,,0.0,0.0,,,
2010-11-15,0.0,0.0,0.0,779.75,-3.5,,0.0,0.0,,,
2010-11-16,0.0,0.0,0.0,766.5,-13.25,,0.0,0.0,,,
2010-11-17,0.0,0.0,0.0,757.5,-9.0,,0.0,0.0,,,
2010-11-18,0.0,0.0,0.0,758.5,1.0,,0.0,0.0,,,
2010-11-19,0.0,0.0,0.0,750.75,-7.75,,0.0,0.0,,,
2010-11-22,0.0,0.0,0.0,747.25,-3.5,,0.0,0.0,,,
2010-11-23,0.0,0.0,0.0,747.0,-0.25,,0.0,0.0,,,
2010-11-24,0.0,0.0,0.0,763.5,16.5,,0.0,0.0,,,
2010-11-25,0.0,0.0,0.0,771.25,7.75,,0.0,0.0,,,
2010-11-26,0.0,0.0,0.0,765.0,-6.25,,0.0,0.0,,,
2010-11-29,0.0,0.0,0.0,776.5,11.5,,0.0,0.0,,,
2010-11-30,0.0,0.0,0.0,772.0,-4.5,,0.0,0.0,,,
2010-12-01,0.0,0.0,0.0,777.5,5.5,,0.0,0.0,,,
2010-12-02,0.0,0.0,0.0,786.25,8.75,,0.0,0.0,,,
2010-12-03,0.0,0.0,0.0,786.75,0.5,,0.0,0.0,,,
2010-12-06,0.0,0.0,0.0,783.75,-3.0,,0.0,0.0,,,
2010-12-07,0.0,0.0,0.0,791.5,7.75,,0.0,0.0,,,
2010-12-08,0.0,0.0,0.0,791.5,0.0,,0.0,0.0,,,
2010-12-09,0.0,0.0,0.0,793.0,1.5,,0.0,0.0,,,
2010-12-10,0.0,0.0,0.0,785.25,-7.75,,0.0,0.0,,,
2010-12-13,0.0,0.0,0.0,792.25,7.0,,0.0,0.0,,,
2010-12-14,0.0,0.0,0.0,794.5,2.25,,0.0,0.0,,,
2010-12-15,0.0,0.0,0.0,797.25,2.75,,0.0,0.0,,,
2010-12-16,0.0,0.0,0.0,794.75,-2.5,,0.0,0.0,,,
2010-12-17,0.0,0.0,0.0,792.25,-2.5,,0.0,0.0,,,
2010-12-20,0.0,0.0,0.0,791.75,-0.5,,0.0,0.0,,,
2010-12-21,0.0,0.0,0.0,803.75,12.0,,0.0,0.0,,,
2010-12-22,0.0,0.0,0.0,805.0,1.25,,0.0,0.0,,,
2010-12-23,0.0,0.0,0.0,808.75,3.75,,0.0,0.0,,,
2010-12-24,0.0,0.0,0.0,804.25,-4.5,,0.0,0.0,,,
2010-12-27,0.0,0.0,0.0,803.5,-0.75,,0.0,0.0,,,
2010-12-28,0.0,0.0,0.0,806.75,3.25,,0.0,0.0,,,
2010-12-29,0.0,0.0,0.0,808.5,1.75,,0.0,0.0,,,
2010-12-30,0.0,0.0,0.0,797.5,-11.0,,0.0,0.0,,,
2010-12-31,0.0,0.0,0.0,795.5,-2.0,,0.0,0.0,,,
2011-01-03,0.0,0.0,0.0,822.25,26.75,,0.0,0.0,,,
2011-01-04,0.0,0.0,0.0,805.25,-17.0,,0.0,0.0,,,
2011-01-05,0.0,0.0,0.0,818.25,13.0,,0.0,0.0,,,
2011-01-06,0.0,0.0,0.0,821.75,3.5,,0.0,0.0,,,
2011-01-07,0.0,0.0,0.0,813.25,-8.5,,0.0,0.0,,,
2011-01-10,0.0,0.0,0.0,823.75,10.5,,0.0,0.0,,,
2011-01-11,0.0,0.0,0.0,834.5,10.75,,0.0,0.0,,,
2011-01-12,0.0,0.0,0.0,841.25,6.75,,0.0,0.0,,,
2011-01-13,0.0,0.0,0.0,842.0,0.75,,0.0,0.0,,,
2011-01-14,0.0,0.0,0.0,844.25,2.25,,150.0,0.0,,,
2011-01-17,0.0,0.0,0.0,842.0,-2.25,,0.0,150.0,,,
2011-01-18,0.0,0.0,0.0,847.25,5.25,,0.0,150.0,,,
2011-01-19,0.0,0.0,0.0,848.5,1.25,,0.0,150.0,,,
2011-01-20,0.0,0.0,0.0,837.75,-10.75,,0.0,150.0,,,
2011-01-21,0.0,0.0,0.0,845.0,7.25,,0.0,150.0,,,
2011-01-24,0.0,0.0,0.0,852.0,7.0,,0.0,150.0,,,
2011-01-25,0.0,0.0,0.0,839.25,-12.75,,0.0,150.0,,,
2011-01-26,0.0,0.0,0.0,850.25,11.0,,0.0,150.0,,,
2011-01-27,0.0,0.0,0.0,856.25,6.0,,0.0,150.0,,,
2011-01-28,0.0,0.0,0.0,864.0,7.75,,0.0,150.0,,,
2011-01-31,0.0,0.0,0.0,873.25,9.25,,0.0,150.0,,,
2011-02-01,0.0,0.0,0.0,881.5,8.25,,0.0,150.0,,,
2011-02-02,0.0,0.0,0.0,894.5,13.0,,0.0,150.0,,,
2011-02-03,0.0,0.0,0.0,901.75,7.25,,0.0,150.0,,,
2011-02-04,0.0,0.0,0.0,887.0,-14.75,,0.0,150.0,,,
2011-02-07,0.0,0.0,0.0,889.75,2.75,,0.0,150.0,,,
2011-02-08,0.0,0.0,0.0,888.0,-1.75,,0.0,150.0,,,
2011-02-09,0.0,0.0,0.0,892.25,4.25,,0.0,150.0,,,
2011-02-10,0.0,0.0,0.0,899.5,7.25,,15.0,150.0,,,
2011-02-11,0.0,0.0,0.0,890.25,-9.25,,0.0,165.0,,,
2011-02-14,0.0,0.0,0.0,908.5,18.25,,0.0,165.0,,,
2011-02-15,0.0,0.0,0.0,902.75,-5.75,,2.0,165.0,,,
2011-02-16,0.0,0.0,0.0,904.75,2.0,,0.0,165.0,,,
2011-02-17,0.0,0.0,0.0,912.75,8.0,,0.0,165.0,,,
2011-02-18,0.0,0.0,0.0,903.75,-9.0,,0.0,165.0,,,
2011-02-21,0.0,0.0,0.0,916.5,12.75,,0.0,165.0,,,
2011-02-22,0.0,0.0,0.0,924.0,7.5,,0.0,165.0,,,
2011-02-23,0.0,0.0,0.0,931.0,7.0,,0.0,165.0,,,
2011-02-24,0.0,0.0,0.0,945.0,14.0,,0.0,165.0,,,
2011-02-25,0.0,0.0,0.0,948.75,3.75,,0.0,165.0,,,
2011-02-28,0.0,0.0,0.0,956.0,7.25,,0.0,165.0,,,
2011-03-01,0.0,0.0,0.0,964.5,8.5,,0.0,165.0,,,
2011-03-02,0.0,0.0,0.0,979.5,15.0,,0.0,165.0,,,
2011-03-03,0.0,0.0,0.0,975.25,-4.25,,50.0,165.0,,,
2011-03-04,0.0,0.0,0.0,977.0,1.75,,50.0,215.0,,,
2011-03-07,0.0,0.0,0.0,983.5,6.5,,0.0,265.0,,,
2011-03-08,0.0,0.0,0.0,964.75,-18.75,,0.0,265.0,,,
2011-03-09,0.0,0.0,0.0,975.75,11.0,,200.0,265.0,,,200.0
2011-03-10,0.0,0.0,0.0,958.75,-17.0,,200.0,465.0,,,
2011-03-11,0.0,0.0,0.0,957.0,-1.75,,21.0,465.0,,,
2011-03-14,0.0,0.0,0.0,951.0,-6.0,,132.0,486.0,,,
2011-03-15,0.0,0.0,0.0,939.5,-11.5,,0.0,586.0,,,
2011-03-16,0.0,0.0,0.0,933.75,-5.75,,100.0,586.0,,,
2011-03-17,0.0,0.0,0.0,952.5,18.75,,5.0,686.0,,,
2011-03-18,0.0,0.0,0.0,951.75,-0.75,,0.0,691.0,,,
2011-03-21,0.0,0.0,0.0,963.75,12.0,,62.0,691.0,,,
2011-03-22,0.0,0.0,0.0,975.0,11.25,,20.0,751.0,,,
2011-03-23,0.0,0.0,0.0,974.5,-0.5,,0.0,771.0,,,
2011-03-24,0.0,0.0,0.0,972.75,-1.75,,400.0,771.0,,,400.0
2011-03-25,0.0,0.0,0.0,972.5,-0.25,,0.0,1171.0,,,
2011-03-28,0.0,0.0,0.0,973.5,1.0,,75.0,1171.0,,,
2011-03-29,0.0,0.0,0.0,970.0,-3.5,,0.0,1217.0,,,
2011-03-30,0.0,0.0,0.0,967.0,-3.0,,0.0,1217.0,,,
2011-03-31,0.0,0.0,0.0,978.25,11.25,,150.0,1217.0,,,
2011-04-01,0.0,0.0,0.0,984.75,6.5,,0.0,1367.0,,,
2011-04-04,0.0,0.0,0.0,991.5,6.75,,0.0,1367.0,,,
2011-04-05,0.0,0.0,0.0,1005.75,14.25,,0.0,1367.0,,,
2011-04-06,0.0,0.0,0.0,1007.75,2.0,,0.0,1367.0,,,
2011-04-07,0.0,0.0,0.0,1007.25,-0.5,,0.0,1367.0,,,
2011-04-08,0.0,0.0,0.0,1029.0,21.75,,143.0,1367.0,,,
2011-04-11,0.0,0.0,0.0,1032.5,3.5,,190.0,1310.0,,,
2011-04-12,0.0,0.0,0.0,1001.5,-31.0,,0.0,1500.0,,,
2011-04-13,0.0,0.0,0.0,1013.0,11.5,,174.0,1500.0,,,200.0
2011-04-14,0.0,0.0,0.0,1011.25,-1.75,,0.0,1874.0,,,
2011-04-15,0.0,0.0,0.0,1021.75,10.5,,0.0,1874.0,,,
2011-04-18,0.0,0.0,0.0,1004.25,-17.5,,0.0,1874.0,,,
2011-04-19,0.0,0.0,0.0,1002.75,-1.5,,10.0,1874.0,,,
2011-04-20,0.0,0.0,0.0,1020.25,17.5,,15.0,1884.0,,,
2011-04-21,0.0,0.0,0.0,1017.0,-3.25,,142.0,1884.0,,,
2011-04-25,0.0,0.0,0.0,1013.75,,,0.0,2026.0,,,
2011-04-26,0.0,0.0,0.0,1021.0,7.25,,50.0,2026.0,,,
2011-04-27,0.0,0.0,0.0,1025.25,4.25,,10.0,2076.0,,,
2011-04-28,0.0,0.0,0.0,1034.75,9.5,,24.0,2076.0,,,
2011-04-29,0.0,0.0,0.0,1030.5,-4.25,,0.0,2076.0,,,
2011-05-02,0.0,0.0,0.0,1038.5,8.0,,13.0,2076.0,,,
2011-05-03,0.0,0.0,0.0,1019.25,-19.25,,0.0,2063.0,,,
2011-05-04,0.0,0.0,0.0,1003.5,-15.75,,0.0,2063.0,,,
2011-05-05,0.0,0.0,0.0,947.5,-56.0,,141.0,2063.0,,,
2011-05-06,0.0,0.0,0.0,940.0,-7.5,,162.0,2163.0,,,
2011-05-09,0.0,0.0,0.0,930.25,-9.75,,15.0,2248.0,,,
2011-05-10,0.0,0.0,0.0,953.75,23.5,,100.0,2250.0,,,
2011-05-11,930.0,930.0,930.0,947.5,-6.25,,1.0,2150.0,,,134.0
2011-05-12,0.0,0.0,0.0,924.0,-23.5,,0.0,2017.0,,,
2011-05-13,0.0,0.0,0.0,926.75,2.75,,7.0,2017.0,,,
2011-05-16,0.0,0.0,0.0,935.25,8.5,,0.0,2020.0,,,
2011-05-17,0.0,0.0,0.0,905.25,-30.0,,55.0,2020.0,,,
2011-05-18,0.0,0.0,0.0,927.0,21.75,,0.0,2070.0,,,
2011-05-19,0.0,0.0,0.0,929.0,2.0,,30.0,2070.0,,,
2011-05-20,0.0,0.0,0.0,920.25,-8.75,,5.0,2100.0,,,
2011-05-23,0.0,0.0,0.0,912.5,-7.75,,50.0,2105.0,,,
2011-05-24,0.0,0.0,0.0,931.5,19.0,,36.0,2055.0,,,
2011-05-25,0.0,0.0,0.0,947.5,16.0,,0.0,2055.0,,,
2011-05-26,0.0,0.0,0.0,952.0,4.5,,0.0,2055.0,,,
2011-05-27,0.0,0.0,0.0,950.5,-1.5,,0.0,2055.0,,,
2011-05-30,0.0,0.0,0.0,953.5,3.0,,0.0,2055.0,,,
2011-05-31,0.0,0.0,0.0,970.5,17.0,,0.0,2055.0,,,
2011-06-01,0.0,0.0,0.0,969.25,-1.25,,0.0,2055.0,,,
2011-06-02,0.0,0.0,0.0,956.0,-13.25,,220.0,2055.0,,,
2011-06-03,0.0,0.0,0.0,963.0,7.0,,253.0,2112.0,,,
2011-06-06,0.0,0.0,0.0,962.5,-0.5,,2.0,2230.0,,,
2011-06-07,0.0,0.0,0.0,968.25,5.75,,0.0,2205.0,,,
2011-06-08,0.0,0.0,0.0,984.5,16.25,,0.0,2205.0,,,
2011-06-09,0.0,0.0,0.0,988.5,4.0,,0.0,2205.0,,,
2011-06-10,0.0,0.0,0.0,983.75,-4.75,,0.0,2205.0,,,
2011-06-13,0.0,0.0,0.0,993.75,10.0,,50.0,2205.0,,,
2011-06-14,0.0,0.0,0.0,998.0,4.25,,0.0,2205.0,,,
2011-06-15,0.0,0.0,0.0,987.0,-11.0,,0.0,2205.0,,,
2011-06-16,0.0,0.0,0.0,959.0,-28.0,,0.0,2205.0,,,
2011-06-17,0.0,0.0,0.0,954.25,-4.75,,332.0,2205.0,,,
2011-06-20,0.0,0.0,0.0,951.0,-3.25,,50.0,2449.0,,,
2011-06-21,0.0,0.0,0.0,942.5,-8.5,,0.0,2499.0,,,
2011-06-22,0.0,0.0,0.0,948.0,5.5,,69.0,2499.0,,,
2011-06-23,0.0,0.0,0.0,914.5,-33.5,,237.0,2537.0,,,
2011-06-24,0.0,0.0,0.0,907.25,-7.25,,207.0,2687.0,,,
2011-06-27,0.0,0.0,0.0,906.5,-0.75,,0.0,2710.0,,,
2011-06-28,0.0,0.0,0.0,920.75,14.25,,52.0,2710.0,,,
2011-06-29,0.0,0.0,0.0,950.5,29.75,,605.0,2762.0,,,
2011-06-30,0.0,0.0,0.0,949.5,-1.0,,0.0,2967.0,,,
2011-07-01,0.0,0.0,0.0,933.5,-16.0,,0.0,2967.0,,,
2011-07-04,0.0,0.0,0.0,941.0,7.5,,0.0,2967.0,,,
2011-07-05,0.0,0.0,0.0,953.75,12.75,,10.0,2967.0,,,
2011-07-06,0.0,0.0,0.0,954.5,0.75,,450.0,2977.0,,,
2011-07-07,0.0,0.0,0.0,982.25,27.75,,0.0,3152.0,,,
2011-07-08,0.0,0.0,0.0,982.25,0.0,,57.0,3152.0,,,
2011-07-11,0.0,0.0,0.0,976.5,-5.75,,45.0,3175.0,,,
2011-07-12,0.0,0.0,0.0,983.5,7.0,,397.0,3210.0,,,
2011-07-13,0.0,0.0,0.0,999.0,15.5,,38.0,3286.0,,,
2011-07-14,0.0,0.0,0.0,987.25,-11.75,,16.0,3286.0,,,
2011-07-15,0.0,0.0,0.0,992.75,5.5,,31.0,3288.0,,,
2011-07-18,0.0,0.0,0.0,983.0,-9.75,,0.0,3288.0,,,
2011-07-19,0.0,0.0,0.0,991.0,8.0,,1.0,3288.0,,,
2011-07-20,0.0,0.0,0.0,994.25,3.25,,11.0,3288.0,,,
2011-07-21,0.0,0.0,0.0,999.25,5.0,,157.0,3288.0,,,
2011-07-22,0.0,0.0,0.0,998.0,-1.25,,20.0,3270.0,,,
2011-07-25,0.0,0.0,0.0,994.5,-3.5,,68.0,3290.0,,,
2011-07-26,0.0,0.0,0.0,995.25,0.75,,40.0,3308.0,,,
2011-07-27,0.0,0.0,0.0,991.75,-3.5,,35.0,3296.0,,,
2011-07-28,0.0,0.0,0.0,994.25,2.5,,98.0,3296.0,,,
2011-07-29,0.0,0.0,0.0,983.75,-10.5,,49.0,3332.0,,,
2011-08-01,0.0,0.0,0.0,979.5,-4.25,,13.0,3326.0,,,
2011-08-02,0.0,0.0,0.0,978.0,-1.5,,29.0,3339.0,,,
2011-08-03,0.0,0.0,0.0,962.75,-15.25,,360.0,3368.0,,,
2011-08-04,0.0,0.0,0.0,939.5,-23.25,,17.0,3393.0,,,
2011-08-05,0.0,0.0,0.0,918.25,-21.25,,302.0,3393.0,,,
2011-08-08,0.0,0.0,0.0,907.5,-10.75,,71.0,3412.0,,,
2011-08-09,0.0,0.0,0.0,895.75,-11.75,,256.0,3410.0,,,
2011-08-10,0.0,0.0,0.0,891.0,-4.75,,303.0,3530.0,,,
2011-08-11,0.0,0.0,0.0,900.75,9.75,,258.0,3541.0,,,
2011-08-12,910.0,910.0,910.0,909.25,8.5,,84.0,3663.0,,,
2011-08-15,0.0,0.0,0.0,917.5,8.25,,522.0,3663.0,,,
2011-08-16,0.0,0.0,0.0,924.5,7.0,,757.0,3706.0,,,
2011-08-17,0.0,0.0,0.0,930.75,6.25,,15.0,3702.0,,,
2011-08-18,0.0,0.0,0.0,908.5,-22.25,,56.0,3687.0,,,
2011-08-19,0.0,0.0,0.0,911.75,3.25,,146.0,3664.0,,,
2011-08-22,0.0,0.0,0.0,906.5,-5.25,,62.0,3720.0,,,
2011-08-23,0.0,0.0,0.0,915.0,8.5,,362.0,3775.0,,,
2011-08-24,0.0,0.0,0.0,926.5,11.5,,168.0,3681.0,,,
2011-08-25,0.0,0.0,0.0,928.0,1.5,,226.0,3780.0,,,
2011-08-26,0.0,0.0,0.0,929.5,1.5,,61.0,3876.0,,,
2011-08-29,0.0,0.0,0.0,940.75,11.25,,56.0,3875.0,,,
2011-08-30,0.0,0.0,0.0,951.75,11.0,,196.0,3882.0,,,
2011-08-31,0.0,0.0,0.0,952.0,0.25,,86.0,3847.0,,,
2011-09-01,0.0,0.0,0.0,950.75,-1.25,,15.0,3822.0,,,
2011-09-02,0.0,0.0,0.0,937.0,-13.75,,0.0,3817.0,,,
2011-09-05,0.0,0.0,0.0,919.0,-18.0,,11.0,3767.0,,,
2011-09-06,0.0,0.0,0.0,924.0,5.0,,73.0,3767.0,,,
2011-09-07,0.0,0.0,0.0,954.75,30.75,,215.0,3832.0,,,
2011-09-08,0.0,0.0,0.0,950.0,-4.75,,40.0,3791.0,,,84.0
2011-09-09,0.0,0.0,0.0,920.0,-30.0,,39.0,3784.0,,,
2011-09-12,0.0,0.0,0.0,917.0,-3.0,,56.0,3789.0,,,
2011-09-13,0.0,0.0,0.0,910.75,-6.25,,55.0,3789.0,,,
2011-09-14,0.0,0.0,0.0,905.0,-5.75,,355.0,3844.0,,,
2011-09-15,0.0,0.0,0.0,927.0,22.0,,543.0,3928.0,,,
2011-09-16,923.75,924.25,922.75,922.0,-5.0,,319.0,3908.0,,,
2011-09-19,0.0,0.0,0.0,905.5,-16.5,,510.0,3955.0,,,
2011-09-20,0.0,0.0,0.0,911.5,6.0,,381.0,4187.0,,,
2011-09-21,0.0,0.0,0.0,917.5,6.0,,76.0,4383.0,,,
2011-09-22,0.0,0.0,0.0,876.25,-41.25,,952.0,4335.0,,,
2011-09-23,0.0,0.0,0.0,870.75,-5.5,,536.0,4287.0,,,
2011-09-26,0.0,0.0,0.0,864.5,-6.25,,130.0,4503.0,,,
2011-09-27,0.0,0.0,0.0,878.75,14.25,,1238.0,4606.0,,,
2011-09-28,0.0,0.0,0.0,875.0,-3.75,,476.0,4921.0,,,
2011-09-29,0.0,0.0,0.0,864.5,-10.5,,929.0,5003.0,,,
2011-09-30,0.0,0.0,0.0,848.5,-16.0,,85.0,4890.0,,,
2011-10-03,0.0,0.0,0.0,836.0,-12.5,,1171.0,4889.0,,,
2011-10-04,817.0,817.0,817.0,825.25,-10.75,,511.0,5047.0,,,
2011-10-05,0.0,0.0,0.0,836.0,10.75,,190.0,5018.0,,,
2011-10-06,0.0,0.0,0.0,844.0,8.0,,127.0,5014.0,,,
2011-10-07,0.0,0.0,0.0,858.25,14.25,,544.0,5040.0,,,
2011-10-10,0.0,0.0,0.0,875.5,17.25,,322.0,5479.0,,,
2011-10-11,0.0,0.0,0.0,875.25,-0.25,,374.0,5507.0,,,
2011-10-12,0.0,0.0,0.0,885.25,10.0,,596.0,5618.0,,,
2011-10-13,887.25,887.5,876.25,877.5,-7.75,,942.0,5830.0,,,
2011-10-14,902.5,902.5,902.5,897.75,20.25,,581.0,6005.0,,,
2011-10-17,902.25,902.25,896.75,901.0,3.25,,270.0,6224.0,,,
2011-10-18,893.0,902.25,892.0,893.5,-7.5,,940.0,6113.0,,,
2011-10-19,0.0,0.0,0.0,906.75,13.25,,591.0,6450.0,,,
2011-10-20,894.25,894.25,883.75,887.25,-19.5,,580.0,6673.0,,,
2011-10-21,900.5,900.5,899.5,902.75,15.5,,677.0,6690.0,,,
2011-10-24,898.75,905.5,898.75,902.25,-0.5,,357.0,6874.0,,,
2011-10-25,900.5,909.25,899.75,905.5,3.25,,182.0,6950.0,,,
2011-10-26,907.0,907.0,901.5,906.0,0.5,,649.0,7025.0,,,
2011-10-27,910.25,932.25,910.25,925.25,19.25,,1337.0,7182.0,,,
2011-10-28,925.25,925.25,925.0,922.5,-2.75,,676.0,6731.0,,,
2011-10-31,914.5,914.5,913.5,909.25,-13.25,,379.0,6863.0,,,
2011-11-01,898.5,898.5,888.5,893.0,-16.25,,602.0,6865.0,,,
2011-11-02,915.5,915.75,908.0,915.25,22.25,,510.0,6887.0,,,
2011-11-03,899.75,918.5,899.75,917.0,1.75,,1058.0,6845.0,,,
2011-11-04,924.5,926.0,918.5,926.0,9.0,,460.0,6864.0,,,
2011-11-07,926.25,940.25,926.25,938.25,12.25,,144.0,6935.0,,,
2011-11-08,948.25,949.0,941.0,945.5,7.25,,514.0,6906.0,,,
2011-11-09,942.25,951.75,935.75,951.0,5.5,,1039.0,7098.0,,,
2011-11-10,941.25,948.75,935.5,940.75,-10.25,,347.0,7519.0,,,
2011-11-11,948.5,954.25,948.5,954.5,13.75,,1391.0,7593.0,,,
2011-11-14,952.75,952.75,949.75,955.5,1.0,,459.0,7858.0,,,
2011-11-15,956.5,958.5,955.0,956.75,1.25,,1292.0,7920.0,,,
2011-11-16,959.0,960.5,946.0,955.5,-1.25,,683.0,8190.0,,,
2011-11-17,952.75,953.75,937.75,943.0,-12.5,,918.0,8161.0,,,
2011-11-18,943.0,943.0,928.75,939.75,-3.25,,736.0,8273.0,,,200.0
2011-11-21,927.75,932.0,917.0,920.75,-19.0,,719.0,8407.0,,,
2011-11-22,928.75,937.75,926.5,928.25,7.5,,861.0,8598.0,,,
2011-11-23,931.25,931.75,916.5,922.25,-6.0,,681.0,8242.0,,,
2011-11-24,918.5,918.5,916.75,922.75,0.5,,247.0,8519.0,,,
2011-11-25,917.0,917.0,904.0,910.0,-12.75,,182.0,8546.0,,,
2011-11-28,920.75,920.75,915.0,914.5,4.5,,645.0,8554.0,,,
2011-11-29,912.5,928.75,912.0,925.0,10.5,,906.0,8246.0,,,
2011-11-30,922.5,940.5,921.5,933.0,8.0,,1075.0,8491.0,,,
2011-12-01,929.75,929.75,921.25,922.5,-10.5,,915.0,8536.0,,,
2011-12-02,927.0,936.5,927.0,929.0,6.5,,432.0,8694.0,,,
2011-12-05,939.25,945.5,931.75,937.75,8.75,,1158.0,8761.0,,,
2011-12-06,927.0,939.5,927.0,934.0,-3.75,,422.0,8810.0,,,
2011-12-07,940.75,941.5,933.75,934.25,0.25,,465.0,8923.0,,,
2011-12-08,937.0,937.0,924.25,928.25,-6.0,,914.0,8879.0,,,
2011-12-09,919.25,930.0,917.5,922.5,-5.75,,1438.0,9304.0,,,
2011-12-12,921.75,921.75,915.25,917.75,-4.75,,894.0,9504.0,,,
2011-12-13,914.25,934.0,913.0,926.0,8.25,,1233.0,9650.0,,,
2011-12-14,924.0,924.0,890.0,900.0,-26.0,,1183.0,9958.0,,,
2011-12-15,900.5,901.25,887.0,890.25,-9.75,,547.0,10168.0,,,
2011-12-16,887.5,888.75,878.0,884.25,-6.0,,985.0,10018.0,,,
2011-12-19,877.0,886.75,877.0,877.25,-7.0,,405.0,9932.0,,,
2011-12-20,878.0,894.25,874.5,891.5,14.25,,798.0,9983.0,,,
2011-12-21,898.5,903.0,889.75,895.0,3.5,,619.0,10120.0,,,571.0
2011-12-22,899.25,902.25,895.75,901.0,6.0,,991.0,10595.0,,,
2011-12-23,900.5,902.0,895.5,895.75,-5.25,,359.0,10606.0,,,
2011-12-27,902.25,909.75,902.25,907.75,,,228.0,10607.0,,,
2011-12-28,907.75,907.75,898.5,897.25,-10.5,,160.0,10590.0,,,
2011-12-29,899.0,901.75,896.75,897.5,0.25,,668.0,10583.0,,,
2011-12-30,904.0,907.25,895.25,898.0,0.5,,1076.0,10710.0,,,
2012-01-03,912.75,931.75,909.75,920.5,,,1371.0,10827.0,,,
2012-01-04,930.25,953.0,930.25,941.25,20.75,,1352.0,11151.0,,,
2012-01-05,947.0,954.5,945.25,948.75,7.5,,2278.0,11285.0,,,
2012-01-06,947.75,948.5,943.0,946.5,-2.25,,543.0,11408.0,,,
2012-01-09,951.0,955.25,946.5,946.75,0.25,,508.0,11425.0,,,
2012-01-10,952.5,955.75,952.5,955.0,8.25,,824.0,11514.0,,,
2012-01-11,956.0,956.0,944.25,950.5,-4.5,,1197.0,11713.0,,,
2012-01-12,953.25,961.5,936.0,956.0,5.5,,2257.0,11811.0,,,
2012-01-13,944.25,945.75,933.0,939.25,-16.75,,1932.0,11536.0,,,
2012-01-16,946.75,948.0,942.25,948.0,8.75,,1082.0,11768.0,,,
2012-01-17,953.25,954.0,941.25,946.25,-1.75,,1514.0,11826.0,,,
2012-01-18,950.25,952.75,935.0,939.0,-7.25,,1540.0,12092.0,,,
2012-01-19,944.5,944.5,938.25,939.0,0.0,,810.0,12124.0,,,
2012-01-20,940.75,942.25,929.5,928.75,-10.25,,982.0,12107.0,,,
2012-01-23,930.0,941.0,930.0,935.0,6.25,,836.0,12102.0,,,
2012-01-24,935.75,938.75,932.0,936.0,1.0,,1772.0,12335.0,,,
2012-01-25,932.25,939.75,929.0,935.5,-0.5,,1953.0,12712.0,,,
2012-01-26,939.0,945.5,937.5,938.25,2.75,,434.0,13134.0,,,
2012-01-27,942.25,943.5,935.75,941.25,3.0,,2901.0,13061.0,,,
2012-01-30,936.75,941.0,933.25,938.0,-3.25,,1339.0,12905.0,,,
2012-01-31,942.75,950.0,934.5,936.0,-2.0,,1570.0,12824.0,,,
2012-02-01,940.25,947.25,938.0,943.75,7.75,,2572.0,13284.0,,,
2012-02-02,941.25,945.5,940.75,940.75,-3.0,,2252.0,13180.0,,,
2012-02-03,944.25,958.25,944.25,948.0,7.25,,1512.0,13410.0,,,
2012-02-06,954.25,966.25,954.25,968.25,20.25,,1353.0,13231.0,,,
2012-02-07,969.75,977.5,969.75,974.5,6.25,,2128.0,12931.0,,,
2012-02-08,973.25,974.5,970.0,970.5,-4.0,,914.0,13239.0,,,50.0
2012-02-09,979.5,987.25,978.75,981.0,10.5,,912.0,13073.0,,,
2012-02-10,984.75,984.75,971.75,976.75,-4.25,,2035.0,13247.0,,,
2012-02-13,982.25,982.75,977.0,980.75,4.0,,1277.0,13468.0,,,
2012-02-14,973.25,982.5,973.25,977.0,-3.75,,971.0,13696.0,,,
2012-02-15,984.5,989.25,979.5,986.5,9.5,,3924.0,13726.0,,,
2012-02-16,984.75,993.25,980.25,988.25,1.75,,3175.0,13799.0,,,
2012-02-17,993.75,994.0,986.75,988.0,-0.25,,1291.0,14086.0,,,
2012-02-20,997.5,1000.25,996.5,1000.25,12.25,,1058.0,14069.0,,,
2012-02-21,1001.75,1005.5,1001.75,1003.75,3.5,,639.0,14222.0,,,
2012-02-22,1007.0,1014.5,1002.5,1013.5,9.75,,2151.0,14247.0,,,
2012-02-23,1014.0,1023.5,1011.25,1017.5,4.0,,2323.0,14289.0,,,
2012-02-24,1022.0,1032.5,1019.25,1022.25,4.75,,2839.0,14703.0,,,
2012-02-27,1020.0,1026.5,1020.0,1025.0,2.75,,2468.0,14619.0,,,
2012-02-28,1020.75,1021.5,1007.5,1018.5,-6.5,,2586.0,14893.0,,,
2012-02-29,1012.5,1013.0,994.5,999.5,-19.0,,2360.0,14631.0,,,
2012-03-01,1008.25,1038.5,1007.5,1011.5,12.0,,4784.0,14717.0,,,
2012-03-02,1024.0,1024.0,1010.0,1014.5,3.0,,3071.0,14302.0,,,
2012-03-05,1012.75,1019.75,1009.25,1019.25,4.75,,1951.0,14191.0,,,
2012-03-06,1016.75,1018.25,1006.75,1013.0,-6.25,,2774.0,14236.0,,,750.0
2012-03-07,1014.0,1022.25,1009.5,1015.0,2.0,,3151.0,14101.0,,,
2012-03-08,1030.0,1039.75,1027.5,1038.0,23.0,,2334.0,13953.0,,,
2012-03-09,1034.75,1036.25,1029.0,1036.5,-1.5,,2522.0,13859.0,,,
2012-03-12,1030.5,1032.75,1022.25,1033.0,-3.5,,3215.0,14457.0,,,
2012-03-13,1036.5,1041.0,1031.75,1041.25,8.25,,3008.0,14838.0,,,
2012-03-14,1038.25,1044.75,1033.5,1039.25,-2.0,,2082.0,14895.0,,42.0,201.0
2012-03-15,1031.5,1033.75,1015.25,1023.0,-16.25,,3881.0,15377.0,,,100.0
2012-03-16,1021.0,1039.25,1021.0,1032.25,9.25,,2910.0,15377.0,,,
2012-03-19,1033.25,1039.5,1033.0,1037.75,5.5,,2749.0,15651.0,,,85.0
2012-03-20,1033.0,1033.25,1023.5,1031.25,-6.5,,4078.0,15055.0,,,134.0
2012-03-21,1033.25,1033.25,1025.5,1026.75,-4.5,,903.0,14919.0,,,
2012-03-22,1027.25,1028.25,1012.5,1013.75,-13.0,,2595.0,14883.0,,110.0,
2012-03-23,1017.5,1043.0,1017.5,1027.75,14.0,,1842.0,15057.0,,22.0,
2012-03-26,1026.25,1033.5,1024.25,1031.25,3.5,,2411.0,15189.0,,,
2012-03-27,1031.25,1034.0,1025.0,1025.75,-5.5,,2550.0,15699.0,,,100.0
2012-03-28,1025.0,1025.0,1017.75,1022.5,-3.25,,1631.0,16425.0,,62.0,72.0
2012-03-29,1022.0,1025.25,1001.5,1013.25,-9.25,,2654.0,16813.0,,,
2012-03-30,1010.0,1018.5,1005.75,1011.0,-2.25,,2562.0,16316.0,,,
2012-04-02,1008.5,1031.75,1001.25,1019.5,8.5,,2497.0,16168.0,,,
2012-04-03,1026.0,1033.25,1022.75,1030.5,11.0,,1917.0,16137.0,,,134.0
2012-04-04,1025.5,1025.5,1006.0,1012.75,-17.75,,2989.0,16497.0,,,
2012-04-05,1011.25,1013.0,1002.25,1009.5,-3.25,,1303.0,16430.0,,104.0,
2012-04-09,1004.5,1006.75,994.5,997.0,-12.5,,878.0,16194.0,,,
2012-04-10,999.25,1000.25,988.0,994.0,-3.0,,3991.0,16111.0,,,
2012-04-11,990.5,996.25,983.75,993.25,-0.75,,2229.0,15623.0,,,134.0
2012-04-12,992.75,1005.5,989.5,999.75,6.5,,3512.0,15295.0,,,
2012-04-13,1005.0,1005.25,998.0,1003.25,3.5,,3500.0,15716.0,,,
2012-04-16,999.5,999.5,986.75,989.25,-14.0,,2408.0,16133.0,,55.0,
2012-04-17,985.75,993.75,985.75,990.0,0.75,,4426.0,16547.0,,,
2012-04-18,989.25,989.25,980.5,979.5,-10.5,,2658.0,16776.0,,,
2012-04-19,989.5,993.25,985.0,988.5,9.0,,2500.0,16584.0,,,
2012-04-20,989.5,996.75,987.75,994.0,5.5,,4402.0,16989.0,,,
2012-04-23,991.0,992.0,982.0,982.25,-11.75,,1625.0,17072.0,,,201.0
2012-04-24,987.0,991.0,986.75,988.75,6.5,,2332.0,17311.0,,,
2012-04-25,992.75,997.0,985.0,989.0,0.25,,5265.0,17206.0,,,1490.0
2012-04-26,995.25,1004.75,995.25,1004.25,15.25,,5758.0,17056.0,,,
2012-04-27,998.25,1002.25,997.5,997.75,-6.5,,3241.0,17463.0,,144.0,
2012-04-30,998.75,1002.75,998.25,998.0,0.25,,3832.0,16758.0,,,
2012-05-01,1002.25,1006.5,997.75,1006.0,8.0,,3551.0,16054.0,,,
2012-05-02,1002.0,1002.5,989.0,990.75,-15.25,,6125.0,16614.0,,,
2012-05-03,991.0,992.5,975.5,979.75,-11.0,,4168.0,17447.0,,,
2012-05-04,975.5,975.5,946.5,948.25,-31.5,,5657.0,17531.0,,,134.0
2012-05-07,940.5,949.5,940.5,942.0,-6.25,,5279.0,17675.0,,,
2012-05-08,945.0,949.0,932.0,934.5,-7.5,,8973.0,18793.0,,,134.0
2012-05-09,941.0,948.25,938.25,944.5,10.0,,4986.0,21664.0,,,
2012-05-10,947.0,951.0,942.25,945.75,1.25,,10014.0,22841.0,,56.0,65.0
2012-05-11,940.75,945.75,936.75,945.5,-0.25,,8078.0,24740.0,,56.0,
2012-05-14,933.0,934.0,924.75,930.25,-15.25,,8591.0,25979.0,,,
2012-05-15,933.0,935.75,928.25,929.25,-1.0,,8563.0,26138.0,,,
2012-05-16,927.0,933.0,918.5,927.5,-1.75,,7222.0,26650.0,,,757.0
2012-05-17,918.5,924.0,905.0,914.75,-12.75,,9707.0,26398.0,,17.0,67.0
2012-05-18,906.75,909.0,900.0,904.5,-10.25,,7401.0,29242.0,,,134.0
2012-05-21,906.0,913.75,904.25,908.0,3.5,,5270.0,31406.0,,,
2012-05-22,912.5,915.75,908.5,913.75,5.75,,7858.0,31549.0,,,
2012-05-23,906.5,906.5,892.5,897.25,-16.5,,11109.0,32815.0,,100.0,
2012-05-24,899.0,901.0,889.75,898.75,1.5,,7229.0,33618.0,,,240.0
2012-05-25,899.0,902.25,897.5,902.0,3.25,,7013.0,34268.0,,,
2012-05-28,902.0,907.0,902.0,904.5,2.5,,1999.0,34934.0,,,100.0
2012-05-29,905.25,908.5,895.5,905.25,0.75,,9916.0,35123.0,,,
2012-05-30,892.75,892.75,874.75,878.25,-27.0,,7236.0,34709.0,,,
2012-05-31,876.0,881.25,865.0,867.75,-10.5,,9754.0,36535.0,,,201.0
2012-06-01,866.25,867.25,837.25,842.75,-25.0,,16023.0,37628.0,,,
2012-06-04,840.25,845.25,821.75,838.5,-4.25,,8310.0,38607.0,,,67.0
2012-06-05,848.0,848.0,837.5,841.75,3.25,,12211.0,38231.0,,,
2012-06-06,844.0,862.25,843.25,857.75,16.0,,12440.0,38522.0,,,
2012-06-07,856.0,869.5,849.25,852.75,-5.0,,12058.0,39262.0,,,
2012-06-08,842.25,853.0,835.75,838.75,-14.0,,9295.0,38463.0,,,
2012-06-11,860.0,869.25,832.5,842.75,4.0,,11176.0,38005.0,,,
2012-06-12,833.25,846.0,833.25,841.0,-1.75,,21324.0,37411.0,,,
2012-06-13,838.5,845.25,834.0,840.25,-0.75,,19113.0,34620.0,,,
2012-06-14,837.25,844.0,830.5,838.0,-2.25,,12722.0,35772.0,,,334.0
2012-06-15,844.5,846.75,839.75,844.0,6.0,,8730.0,35766.0,,,200.0
2012-06-18,851.5,851.5,829.75,834.25,-9.75,,14086.0,35520.0,,,
2012-06-19,832.5,842.0,826.75,838.25,4.0,,21158.0,37697.0,,95.0,195.0
2012-06-20,838.0,840.0,821.75,833.25,-5.0,,20244.0,36691.0,,55.0,402.0
2012-06-21,820.25,822.0,801.5,812.25,-21.0,,24946.0,37775.0,,,268.0
2012-06-22,805.5,811.5,799.0,804.25,-8.0,,13584.0,38374.0,,,
2012-06-25,811.5,811.5,799.25,800.25,-4.0,,9050.0,39127.0,,181.0,652.0
2012-06-26,806.0,818.5,805.25,809.5,9.25,,14813.0,39997.0,,220.0,
2012-06-27,814.0,824.5,810.25,819.0,9.5,,15763.0,40138.0,,,125.0
2012-06-28,820.5,823.75,803.5,812.25,-6.75,,12731.0,40585.0,,325.0,
2012-06-29,821.25,858.75,817.25,838.0,25.75,,18004.0,40675.0,,,600.0
2012-07-02,855.25,855.25,836.5,839.25,1.25,,12157.0,41192.0,,,217.0
2012-07-03,848.0,874.5,847.25,870.0,30.75,,18890.0,42798.0,,415.0,342.0
2012-07-04,868.25,869.75,862.5,864.75,-5.25,,11080.0,45072.0,,209.0,
2012-07-05,865.0,881.0,863.75,874.75,10.0,,42001.0,45375.0,,,1300.0
2012-07-06,866.0,868.0,852.0,856.0,-18.75,,24836.0,49431.0,,25.0,546.0
2012-07-09,859.25,870.0,852.5,861.5,5.5,,21611.0,50797.0,,165.0,
2012-07-10,858.5,864.0,854.25,862.25,0.75,,28553.0,53407.0,,,167.0
2012-07-11,855.0,870.5,855.0,862.0,-0.25,,56119.0,54383.0,,,900.0
2012-07-12,868.75,872.75,853.25,860.5,-1.5,,30877.0,54946.0,,,536.0
2012-07-13,867.75,882.25,867.75,876.0,15.5,,42108.0,53685.0,,,569.0
2012-07-16,875.5,891.25,874.75,887.5,11.5,,31707.0,55521.0,,64.0,500.0
2012-07-17,889.25,899.25,887.25,891.25,3.75,,27676.0,60925.0,,62.0,685.0
2012-07-18,890.75,905.5,890.0,902.0,10.75,,28300.0,64536.0,44.0,100.0,250.0
2012-07-19,906.75,926.0,906.0,920.25,18.25,,38940.0,70126.0,,,201.0
2012-07-20,923.5,923.75,910.75,916.5,-3.75,,36508.0,68844.0,,514.0,1002.0
2012-07-23,915.75,915.75,887.5,892.75,-23.75,,38243.0,69683.0,,201.0,402.0
2012-07-24,889.75,896.5,882.0,887.25,-5.5,,32349.0,73220.0,,67.0,250.0
2012-07-25,886.0,898.5,880.0,884.5,-2.75,,28054.0,72324.0,,408.0,1375.0
2012-07-26,894.5,909.5,890.25,902.75,18.25,,29382.0,72309.0,,7.0,1450.0
2012-07-27,900.0,911.5,900.0,907.75,5.0,,29325.0,73299.0,,427.0,435.0
2012-07-30,909.0,912.25,905.5,909.5,1.75,,22036.0,74494.0,67.0,67.0,1005.0
2012-07-31,907.25,911.75,895.25,904.5,-5.0,,59139.0,77264.0,,419.0,1721.0
2012-08-01,897.0,912.75,897.0,907.75,3.25,,33668.0,80512.0,,,669.0
2012-08-02,904.25,913.5,896.25,905.75,-2.0,,41341.0,80993.0,,135.0,1070.0
2012-08-03,903.25,926.75,902.25,921.25,15.5,,43575.0,83522.0,,134.0,3256.0
2012-08-06,922.0,932.75,920.0,929.0,7.75,,33400.0,88066.0,,,348.0
2012-08-07,929.75,951.75,929.0,945.0,16.0,,43355.0,89183.0,,485.0,918.0
2012-08-08,944.0,957.0,940.25,955.5,10.5,,65137.0,96152.0,,801.0,2218.0
2012-08-09,950.75,964.0,949.25,960.0,4.5,,62608.0,102328.0,,335.0,1204.0
2012-08-10,963.75,964.5,948.5,954.75,-5.25,,65507.0,105863.0,,430.0,869.0
2012-08-13,956.25,967.5,953.5,957.75,3.0,,68576.0,117901.0,,,201.0
2012-08-14,955.75,962.75,954.5,957.75,0.0,,53109.0,117255.0,,469.0,1143.0
2012-08-15,958.75,979.25,956.0,969.25,11.5,,59644.0,120458.0,,268.0,1976.0
2012-08-16,977.5,987.25,973.0,977.25,8.0,,69821.0,125554.0,,1270.0,2077.0
2012-08-17,983.0,983.0,970.75,979.75,2.5,,54234.0,122755.0,,1440.0,1154.0
2012-08-20,979.0,984.5,971.75,979.0,-0.75,,38234.0,123903.0,,67.0,1005.0
2012-08-21,978.0,992.25,977.5,989.25,10.25,,59467.0,126438.0,,1417.0,814.0
2012-08-22,987.5,991.0,980.0,986.25,-3.0,,63246.0,126050.0,,934.0,3011.0
2012-08-23,990.75,998.25,984.25,996.75,10.5,,73296.0,127728.0,,1139.0,1582.0
2012-08-24,985.75,992.25,978.25,990.0,-6.75,,80578.0,126280.0,,1036.0,1072.0
2012-08-27,985.0,1002.5,975.0,983.0,-7.0,,88644.0,128972.0,,345.0,1608.0
2012-08-28,982.5,986.75,976.75,978.5,-4.5,,72267.0,127819.0,,999.0,1264.0
2012-08-29,982.0,984.5,973.0,978.5,0.0,,66201.0,129227.0,,491.0,2034.0
2012-08-30,979.75,987.5,979.25,983.25,4.75,,64959.0,132581.0,,1715.0,1790.0
2012-08-31,980.75,997.75,980.75,994.25,11.0,,78565.0,134330.0,300.0,1200.0,2772.0
2012-09-03,997.75,1004.0,990.75,1000.75,6.5,,30243.0,135024.0,,752.0,100.0
2012-09-04,1002.75,1007.0,986.5,996.75,-4.0,,90692.0,136596.0,,1565.0,1395.0
2012-09-05,988.25,989.0,976.0,981.75,-15.0,,99582.0,133935.0,,2203.0,2822.0
2012-09-06,982.25,993.0,978.0,991.0,9.25,,110814.0,127190.0,,2596.0,5370.0
2012-09-07,980.25,991.25,975.25,986.0,-5.0,,91367.0,133568.0,319.0,1604.0,6629.0
2012-09-10,987.5,992.75,984.75,990.0,4.0,,95081.0,140992.0,9.0,1412.0,5126.0
2012-09-11,988.75,998.75,987.0,996.25,6.25,,113712.0,155487.0,13.0,1361.0,2696.0
2012-09-12,996.25,1008.75,996.25,1004.75,8.5,,83193.0,152314.0,325.0,2168.0,1227.0
2012-09-13,1004.75,1014.75,992.5,1004.5,-0.25,,79676.0,151749.0,117.0,1884.0,1116.0
2012-09-14,1000.25,1019.25,1000.0,1013.5,9.0,,69132.0,145649.0,1108.0,2292.0,4525.0
2012-09-17,1009.75,1014.25,974.0,1010.5,-3.0,,70136.0,144493.0,267.0,1978.0,3678.0
2012-09-18,990.75,995.5,978.25,988.5,-22.0,,64606.0,131994.0,435.0,1224.0,2052.0
2012-09-19,981.0,988.75,949.75,958.25,-30.25,,83998.0,123397.0,1093.0,779.0,1924.0
2012-09-20,955.5,974.5,949.0,963.25,5.0,,72637.0,115246.0,861.0,1622.0,2013.0
2012-09-21,968.25,981.0,968.25,974.75,11.5,,60190.0,102684.0,571.0,1482.0,485.0
2012-09-24,977.5,980.5,963.0,966.25,-8.5,,53246.0,98662.0,1810.0,1018.0,332.0
2012-09-25,968.75,981.25,967.25,977.25,11.0,,48124.0,97936.0,1706.0,2526.0,1340.0
2012-09-26,975.0,975.0,958.75,962.25,-15.0,,49867.0,91730.0,1610.0,2228.0,3477.0
2012-09-27,969.0,987.5,967.0,981.0,18.75,,44949.0,86455.0,1615.0,990.0,1031.0
2012-09-28,988.0,992.25,979.5,980.75,-0.25,,45676.0,87358.0,1227.0,1252.0,1260.0
2012-10-01,980.75,991.25,977.0,982.5,1.75,,43761.0,83214.0,1764.0,1551.0,1010.0
2012-10-02,980.5,983.25,975.75,979.75,-2.75,,56594.0,78670.0,1756.0,1106.0,675.0
2012-10-03,979.75,979.75,955.75,958.75,-21.0,,58257.0,76533.0,1498.0,1327.0,800.0
2012-10-04,960.25,1000.0,960.25,979.0,20.25,,51120.0,67768.0,1510.0,1023.0,479.0
2012-10-05,992.5,998.75,982.75,989.5,10.5,,33616.0,57892.0,1842.0,360.0,1330.0
2012-10-08,987.0,996.0,980.75,993.5,4.0,,27280.0,54260.0,6054.0,399.0,100.0
2012-10-09,995.0,1015.75,990.75,1002.0,8.5,,32554.0,47533.0,4147.0,71.0,441.0
2012-10-10,1010.0,1028.0,1008.0,1025.5,23.5,,29939.0,34762.0,9104.0,461.0,1010.0
2012-10-11,1022.25,1030.0,1020.75,1025.5,0.0,,5547.0,8954.0,512.0,14.0,319.0
